,Chemical,Time,Node,Error,Expected Conc,Eval Conc
0,H,0.0,out,0.002322040358744416,0.0892,0.089407126
0,H,0.0,connect2,0.0015705577777777899,0.09,0.0901413502
0,H,0.0,connect6,0.002322040358744416,0.0892,0.089407126
0,T,0.0,out,0.012288017676767696,0.0396,0.0391133945
0,T,0.0,connect2,0.0041767853535354905,0.0396,0.0394345993
0,T,0.0,connect6,0.012288017676767696,0.0396,0.0391133945
0,S,0.0,out,0.01815677857142865,1.4e-08,1.42541949e-08
0,S,0.0,connect5,98.99999999999999,1.75e-08,1.75e-06
