
    --------------------------------
          OpenSCAD generation
    --------------------------------
    
Starting writing @ ./results/salicylic_acid/base/salicylic_acid.scad
pcell dict:  {'p_serpentine_0_120_30_12': {'pcell': 'p_serpentine_0', 'params': 'L1=120 L2=30 turns=12'}, 'p_serpentine_0_60_30_10': {'pcell': 'p_serpentine_0', 'params': 'L1=60 L2=30 turns=10'}, 'p_serpentine_1_360_30_24': {'pcell': 'p_serpentine_1', 'params': 'L1=360 L2=30 turns=24'}, 'p_serpentine_3_360_30_48': {'pcell': 'p_serpentine_3', 'params': 'L1=360 L2=30 turns=48'}}
Importing TECH_LEF: ./platforms/h.r.3.3/lef/h.r.3.3.tlef
import via M1M2_PR
['via1', 'met1', 'met2']
import via M2M3_PR
['via2', 'met2', 'met3']
import via M3M4_PR
['via3', 'met3', 'met4']
import via M4M5_PR
['via4', 'met4', 'met5']
import via M5M6_PR
['via5', 'met5', 'met6']
import via M6M7_PR
['via6', 'met6', 'met7']
import via M7M8_PR
['via7', 'met7', 'met8']
import via M8M9_PR
['via8', 'met8', 'met9']
import via M9M10_PR
['via9', 'met9', 'met10']
Parsing macro: serpentine_50px_0
Parsing macro: serpentine_100px_0
Parsing macro: serpentine_150px_0
Parsing macro: serpentine_200px_0
Parsing macro: serpentine_200px_3
Parsing macro: serpentine_300px_0
Parsing macro: serpentine_300px_1
Parsing macro: serpentine_300px_2
Parsing macro: serpentine_300px_3
Parsing macro: diffmix_25px_0
SIZE: [0.76, 0.76]
SIZE: [0.912, 0.912]
SIZE: [1.368, 1.368]
SIZE: [1.824, 1.824]
SIZE: [2.28, 2.28]
SIZE: [2.28, 2.28]
SIZE: [3.192, 3.192]
SIZE: [3.192, 3.192]
SIZE: [3.42, 3.192]
SIZE: [3.192, 3.192]
SIZE: [0.684, 0.684]
Parsing macro: p_serpentine_0_60_30_10
Parsing macro: p_serpentine_1_360_30_24
Parsing macro: p_serpentine_3_360_30_48
SIZE: [3.192, 1.368]
SIZE: [2.736, 0.912]
SIZE: [5.928, 3.192]
SIZE: [11.4, 3.192]
b'connect0'
b'( serp0 out_fluid ) ( mix0 a_fluid )'
b'connect1'
b'( serp1 out_fluid ) ( mix0 b_fluid )'
b'connect2'
b'( serp2 out_fluid ) ( mix1 a_fluid )'
b'connect3'
b'( serp3 out_fluid ) ( mix2 a_fluid )'
b'connect4'
b'( mix1 b_fluid ) ( mix0 out_fluid )'
b'connect5'
b'( mix2 b_fluid ) ( mix1 out_fluid )'
b'out'
b'( PIN out ) ( mix2 out_fluid )'
b'soln1'
b'( PIN soln1 ) ( serp0 in_fluid )'
b'soln2'
b'( PIN soln2 ) ( serp1 in_fluid )'
b'soln3'
b'( PIN soln3 ) ( serp2 in_fluid )'
b'soln4'
b'( PIN soln4 ) ( serp3 in_fluid )'
ROUTE: [[[3.648, 0.228, 'met6'], [3.648, 3.42, 'met6']], [[3.648, 3.42, 'met7'], [3.648, 3.42, 'met7']], [[3.648, 3.42, 'met7'], [15.276, 3.42, 'met7']], [[15.276, 3.42, 'met7'], [15.276, 6.156, 'met7']], [[15.276, 6.156, 'met6'], [15.276, 6.384, 'met6']], [[15.276, 6.384, 'met5'], [15.276, 6.612, 'met5']], [[15.276, 6.612, 'met4'], [15.276, 6.84, 'met4']], [[15.276, 6.84, 'met4'], [15.048, 6.84, 'met4']], [[15.048, 6.84, 'met4'], [15.048, 6.84, 'met4']], [[3.648, 0.228, 'met5'], [3.648, 0.228, 'met6']], [[3.648, 3.42, 'met6'], [3.648, 3.42, 'met7']], [[15.276, 6.156, 'met6'], [15.276, 6.156, 'met7']], [[15.276, 6.384, 'met5'], [15.276, 6.384, 'met6']], [[15.276, 6.612, 'met4'], [15.276, 6.612, 'met5']]]
Component list not passed!!!!
converting route:  connect0 : 
ROUTE: [[[0.228, 6.156, 'met3'], [0.228, 6.384, 'met3']], [[0.228, 6.384, 'met3'], [15.048, 6.384, 'met3']], [[15.048, 6.384, 'met4'], [15.048, 6.384, 'met4']], [[15.048, 6.384, 'met4'], [15.276, 6.384, 'met4']], [[15.276, 6.384, 'met4'], [15.276, 6.612, 'met4']], [[15.276, 6.612, 'met4'], [15.276, 6.612, 'met4']], [[15.276, 6.612, 'met4'], [15.048, 6.612, 'met4']], [[15.048, 6.612, 'met4'], [15.048, 6.612, 'met4']], [[15.048, 6.384, 'met3'], [15.048, 6.384, 'met4']]]
Component list not passed!!!!
converting route:  connect1 : 
ROUTE: [[[11.4, 3.42, 'met3'], [11.628, 3.42, 'met3']], [[11.628, 3.42, 'met2'], [11.856, 3.42, 'met2']], [[11.856, 3.42, 'met2'], [11.856, 3.42, 'met2']], [[11.856, 3.42, 'met2'], [12.084, 3.42, 'met2']], [[12.084, 3.42, 'met2'], [12.084, 3.42, 'met2']], [[12.084, 3.42, 'met2'], [12.084, 7.068, 'met2']], [[12.084, 7.068, 'met2'], [12.312, 7.068, 'met2']], [[12.312, 7.068, 'met2'], [12.312, 7.296, 'met2']], [[12.312, 7.296, 'met1'], [12.312, 7.52191, 'met1']], [[11.4, 3.42, 'met3'], [11.4, 3.42, 'met4']], [[11.628, 3.42, 'met2'], [11.628, 3.42, 'met3']], [[12.312, 7.296, 'met1'], [12.312, 7.296, 'met2']]]
Component list not passed!!!!
converting route:  connect2 : 
ROUTE: [[[14.136, 6.84, 'met4'], [14.136, 7.296, 'met4']], [[14.136, 7.296, 'met3'], [14.136, 7.524, 'met3']], [[14.136, 7.524, 'met2'], [14.136, 7.752, 'met2']], [[14.136, 7.752, 'met2'], [14.136, 7.752, 'met2']], [[14.136, 7.752, 'met2'], [14.136, 7.98, 'met2']], [[14.136, 7.98, 'met2'], [14.136, 7.98, 'met2']], [[14.136, 7.98, 'met2'], [14.136, 8.208, 'met2']], [[14.136, 8.208, 'met1'], [14.136, 8.43391, 'met1']], [[14.136, 7.296, 'met3'], [14.136, 7.296, 'met4']], [[14.136, 7.524, 'met2'], [14.136, 7.524, 'met3']], [[14.136, 8.208, 'met1'], [14.136, 8.208, 'met2']]]
Component list not passed!!!!
converting route:  connect3 : 
ROUTE: [[[11.628, 3.648, 'met4'], [11.628, 4.104, 'met4']], [[11.628, 4.104, 'met4'], [11.856, 4.104, 'met4']], [[11.856, 4.104, 'met4'], [11.856, 5.016, 'met4']], [[11.856, 5.016, 'met4'], [12.084, 5.016, 'met4']], [[12.084, 5.016, 'met4'], [12.084, 5.244, 'met4']], [[12.084, 5.244, 'met4'], [12.312, 5.244, 'met4']], [[12.312, 5.244, 'met4'], [12.312, 5.472, 'met4']], [[12.312, 5.472, 'met4'], [12.54, 5.472, 'met4']], [[12.54, 5.472, 'met4'], [12.54, 5.7, 'met4']], [[12.54, 5.7, 'met4'], [12.768, 5.7, 'met4']], [[12.768, 5.7, 'met4'], [12.768, 5.928, 'met4']], [[12.768, 5.928, 'met4'], [12.996, 5.928, 'met4']], [[12.996, 5.928, 'met4'], [12.996, 6.156, 'met4']], [[12.996, 6.156, 'met4'], [13.224, 6.156, 'met4']], [[13.224, 6.156, 'met4'], [13.224, 6.384, 'met4']], [[13.224, 6.384, 'met4'], [13.452, 6.384, 'met4']], [[13.452, 6.384, 'met4'], [13.452, 6.612, 'met4']], [[13.452, 6.612, 'met4'], [13.68, 6.612, 'met4']], [[13.68, 6.612, 'met4'], [13.68, 6.84, 'met4']], [[13.68, 6.84, 'met5'], [13.68, 6.84, 'met5']], [[13.68, 6.84, 'met5'], [13.908, 6.84, 'met5']], [[13.908, 6.84, 'met5'], [13.908, 7.068, 'met5']], [[13.908, 7.068, 'met5'], [14.592, 7.068, 'met5']], [[14.592, 7.068, 'met5'], [14.592, 6.84, 'met5']], [[14.592, 6.84, 'met5'], [14.592, 6.84, 'met5']], [[14.592, 6.84, 'met5'], [14.8179024, 6.84, 'met5']], [[13.68, 6.84, 'met4'], [13.68, 6.84, 'met5']], [[14.8179024, 6.84, 'met4'], [14.8179024, 6.84, 'met5']]]
Component list not passed!!!!
converting route:  connect4 : 
ROUTE: [[[11.856, 3.42, 'met4'], [12.084, 3.42, 'met4']], [[12.084, 3.42, 'met4'], [12.084, 6.612, 'met4']], [[12.084, 6.612, 'met5'], [12.084, 6.612, 'met5']], [[12.084, 6.612, 'met5'], [14.133909999999998, 6.612, 'met5']], [[12.084, 6.612, 'met4'], [12.084, 6.612, 'met5']], [[14.133909999999998, 6.612, 'met4'], [14.133909999999998, 6.612, 'met5']]]
Component list not passed!!!!
converting route:  connect5 : 
ROUTE: [[[12.084, 5.7, 'met9'], [12.996, 5.7, 'met9']], [[12.996, 5.7, 'met8'], [13.224, 5.7, 'met8']], [[13.224, 5.7, 'met7'], [13.452, 5.7, 'met7']], [[13.452, 5.7, 'met7'], [13.452, 5.928, 'met7']], [[13.452, 5.928, 'met6'], [13.68, 5.928, 'met6']], [[13.68, 5.928, 'met6'], [13.68, 6.156, 'met6']], [[13.68, 6.156, 'met6'], [13.68, 6.156, 'met6']], [[13.68, 6.156, 'met6'], [13.908, 6.156, 'met6']], [[13.908, 6.156, 'met6'], [13.908, 6.156, 'met6']], [[13.908, 6.156, 'met4'], [13.908, 6.612, 'met4']], [[13.908, 6.612, 'met3'], [13.908, 6.612, 'met3']], [[13.908, 6.612, 'met3'], [13.908, 6.84, 'met3']], [[13.908, 6.84, 'met3'], [13.908, 6.84, 'met3']], [[13.908, 6.84, 'met3'], [13.908, 7.068, 'met3']], [[13.908, 7.068, 'met3'], [13.908, 7.068, 'met3']], [[13.908, 7.068, 'met3'], [14.136, 7.068, 'met3']], [[14.136, 7.068, 'met3'], [14.136, 6.84, 'met3']], [[14.136, 6.84, 'met3'], [14.364, 6.84, 'met3']], [[14.364, 6.84, 'met4'], [14.364, 6.84, 'met4']], [[12.996, 5.7, 'met8'], [12.996, 5.7, 'met9']], [[13.224, 5.7, 'met7'], [13.224, 5.7, 'met8']], [[13.452, 5.928, 'met6'], [13.452, 5.928, 'met7']], [[13.908, 6.156, 'met4'], [13.908, 6.156, 'met5']], [[13.908, 6.156, 'met5'], [13.908, 6.156, 'met6']], [[13.908, 6.612, 'met3'], [13.908, 6.612, 'met4']], [[14.364, 6.84, 'met3'], [14.364, 6.84, 'met4']]]
Component list not passed!!!!
converting route:  out : 
ROUTE: [[[7.98, 5.016, 'met9'], [7.98, 4.788, 'met9']], [[7.98, 4.788, 'met9'], [7.752, 4.788, 'met9']], [[7.752, 4.788, 'met9'], [7.752, 4.56, 'met9']], [[7.752, 4.56, 'met9'], [7.524, 4.56, 'met9']], [[7.524, 4.56, 'met9'], [7.524, 4.332, 'met9']], [[7.524, 4.332, 'met9'], [7.296, 4.332, 'met9']], [[7.296, 4.332, 'met9'], [7.296, 4.104, 'met9']], [[7.296, 4.104, 'met9'], [7.068, 4.104, 'met9']], [[7.068, 4.104, 'met9'], [7.068, 3.876, 'met9']], [[7.068, 3.876, 'met9'], [6.84, 3.876, 'met9']], [[6.84, 3.876, 'met9'], [6.84, 3.648, 'met9']], [[6.84, 3.648, 'met9'], [6.612, 3.648, 'met9']], [[6.612, 3.648, 'met9'], [6.612, 3.42, 'met9']], [[6.612, 3.42, 'met9'], [6.384, 3.42, 'met9']], [[6.384, 3.42, 'met9'], [6.384, 3.192, 'met9']], [[6.384, 3.192, 'met9'], [6.156, 3.192, 'met9']], [[6.156, 3.192, 'met9'], [6.156, 2.964, 'met9']], [[6.156, 2.964, 'met9'], [5.928, 2.964, 'met9']], [[5.928, 2.964, 'met9'], [5.928, 2.736, 'met9']], [[5.928, 2.736, 'met9'], [5.7, 2.736, 'met9']], [[5.7, 2.736, 'met9'], [5.7, 2.508, 'met9']], [[5.7, 2.508, 'met9'], [5.472, 2.508, 'met9']], [[5.472, 2.508, 'met9'], [5.472, 2.28, 'met9']], [[5.472, 2.28, 'met9'], [5.244, 2.28, 'met9']], [[5.244, 2.28, 'met9'], [5.244, 2.052, 'met9']], [[5.244, 2.052, 'met9'], [5.016, 2.052, 'met9']], [[5.016, 2.052, 'met9'], [5.016, 1.824, 'met9']], [[5.016, 1.824, 'met9'], [4.788, 1.824, 'met9']], [[4.788, 1.824, 'met9'], [4.788, 1.596, 'met9']], [[4.788, 1.596, 'met9'], [4.56, 1.596, 'met9']], [[4.56, 1.596, 'met9'], [4.56, 1.368, 'met9']], [[4.56, 1.368, 'met9'], [4.332, 1.368, 'met9']], [[4.332, 1.368, 'met9'], [4.332, 1.14, 'met9']], [[4.332, 1.14, 'met9'], [4.104, 1.14, 'met9']], [[4.104, 1.14, 'met9'], [4.104, 0.912, 'met9']], [[4.104, 0.912, 'met9'], [3.876, 0.912, 'met9']], [[3.876, 0.912, 'met8'], [3.876, 0.684, 'met8']], [[3.876, 0.684, 'met8'], [3.648, 0.684, 'met8']], [[3.648, 0.684, 'met7'], [3.648, 0.456, 'met7']], [[3.648, 0.456, 'met7'], [3.42, 0.456, 'met7']], [[3.42, 0.456, 'met6'], [3.42, 0.228, 'met6']], [[3.42, 0.228, 'met6'], [3.192, 0.228, 'met6']], [[3.192, 0.228, 'met6'], [3.192, 0.228, 'met6']], [[3.192, 0.228, 'met1'], [3.42, 0.228, 'met1']], [[3.42, 0.228, 'met2'], [3.64591, 0.228, 'met2']], [[3.876, 0.912, 'met8'], [3.876, 0.912, 'met9']], [[3.648, 0.684, 'met7'], [3.648, 0.684, 'met8']], [[3.42, 0.456, 'met6'], [3.42, 0.456, 'met7']], [[3.192, 0.228, 'met1'], [3.192, 0.228, 'met2']], [[3.192, 0.228, 'met2'], [3.192, 0.228, 'met3']], [[3.192, 0.228, 'met3'], [3.192, 0.228, 'met4']], [[3.192, 0.228, 'met4'], [3.192, 0.228, 'met5']], [[3.192, 0.228, 'met5'], [3.192, 0.228, 'met6']], [[3.42, 0.228, 'met1'], [3.42, 0.228, 'met2']]]
Component list not passed!!!!
converting route:  soln1 : 
ROUTE: [[[0.228, 6.156, 'met1'], [0.456, 6.156, 'met1']], [[0.456, 6.156, 'met1'], [0.456, 6.384, 'met1']], [[0.456, 6.384, 'met1'], [0.456, 6.384, 'met1']], [[0.456, 6.384, 'met2'], [0.456, 6.612, 'met2']], [[0.456, 6.612, 'met2'], [7.524, 6.612, 'met2']], [[7.524, 6.612, 'met3'], [7.752, 6.612, 'met3']], [[7.752, 6.612, 'met4'], [7.98, 6.612, 'met4']], [[7.98, 6.612, 'met5'], [8.208, 6.612, 'met5']], [[8.208, 6.612, 'met6'], [8.436, 6.612, 'met6']], [[8.436, 6.612, 'met7'], [8.664, 6.612, 'met7']], [[8.664, 6.612, 'met8'], [8.664, 6.612, 'met8']], [[8.664, 6.612, 'met8'], [8.664, 6.612, 'met8']], [[8.664, 6.612, 'met8'], [8.664, 5.016, 'met8']], [[0.228, 6.156, 'met1'], [0.228, 6.156, 'met2']], [[0.456, 6.384, 'met1'], [0.456, 6.384, 'met2']], [[7.524, 6.612, 'met2'], [7.524, 6.612, 'met3']], [[7.752, 6.612, 'met3'], [7.752, 6.612, 'met4']], [[7.98, 6.612, 'met4'], [7.98, 6.612, 'met5']], [[8.208, 6.612, 'met5'], [8.208, 6.612, 'met6']], [[8.436, 6.612, 'met6'], [8.436, 6.612, 'met7']], [[8.664, 6.612, 'met7'], [8.664, 6.612, 'met8']], [[8.664, 5.016, 'met8'], [8.664, 5.016, 'met9']]]
Component list not passed!!!!
converting route:  soln2 : 
ROUTE: [[[9.348, 5.016, 'met7'], [9.348, 5.244, 'met7']], [[9.348, 5.244, 'met6'], [9.348, 5.472, 'met6']], [[9.348, 5.472, 'met6'], [9.348, 5.472, 'met6']], [[9.348, 5.472, 'met6'], [9.576, 5.472, 'met6']], [[9.576, 5.472, 'met6'], [9.576, 5.472, 'met6']], [[9.576, 5.472, 'met3'], [9.576, 5.7, 'met3']], [[9.576, 5.7, 'met2'], [9.576, 5.928, 'met2']], [[9.576, 5.928, 'met2'], [9.576, 5.928, 'met2']], [[9.576, 5.928, 'met2'], [9.576, 6.156, 'met2']], [[9.576, 6.156, 'met1'], [9.576, 6.384, 'met1']], [[9.576, 6.384, 'met1'], [9.576, 6.60991, 'met1']], [[9.348, 5.016, 'met7'], [9.348, 5.016, 'met8']], [[9.348, 5.016, 'met8'], [9.348, 5.016, 'met9']], [[9.348, 5.244, 'met6'], [9.348, 5.244, 'met7']], [[9.576, 5.472, 'met3'], [9.576, 5.472, 'met4']], [[9.576, 5.472, 'met4'], [9.576, 5.472, 'met5']], [[9.576, 5.472, 'met5'], [9.576, 5.472, 'met6']], [[9.576, 5.7, 'met2'], [9.576, 5.7, 'met3']], [[9.576, 6.156, 'met1'], [9.576, 6.156, 'met2']]]
Component list not passed!!!!
converting route:  soln3 : 
ROUTE: [[[10.032, 5.016, 'met9'], [10.032, 5.928, 'met9']], [[10.032, 5.928, 'met8'], [10.032, 6.156, 'met8']], [[10.032, 6.156, 'met7'], [10.032, 6.384, 'met7']], [[10.032, 6.384, 'met6'], [10.032, 6.612, 'met6']], [[10.032, 6.612, 'met5'], [10.032, 7.068, 'met5']], [[10.032, 7.068, 'met3'], [10.032, 7.524, 'met3']], [[10.032, 7.524, 'met2'], [10.032, 7.524, 'met2']], [[10.032, 7.524, 'met2'], [10.032, 7.98, 'met2']], [[10.032, 7.98, 'met1'], [10.032, 7.98, 'met1']], [[10.032, 7.98, 'met1'], [11.628, 7.98, 'met1']], [[11.628, 7.98, 'met2'], [11.856, 7.98, 'met2']], [[11.856, 7.98, 'met2'], [11.856, 7.98, 'met2']], [[10.032, 5.928, 'met8'], [10.032, 5.928, 'met9']], [[10.032, 6.156, 'met7'], [10.032, 6.156, 'met8']], [[10.032, 6.384, 'met6'], [10.032, 6.384, 'met7']], [[10.032, 6.612, 'met5'], [10.032, 6.612, 'met6']], [[10.032, 7.068, 'met3'], [10.032, 7.068, 'met4']], [[10.032, 7.068, 'met4'], [10.032, 7.068, 'met5']], [[10.032, 7.524, 'met2'], [10.032, 7.524, 'met3']], [[10.032, 7.98, 'met1'], [10.032, 7.98, 'met2']], [[11.628, 7.98, 'met1'], [11.628, 7.98, 'met2']], [[11.856, 7.98, 'met1'], [11.856, 7.98, 'met2']]]
Component list not passed!!!!
converting route:  soln4 : 
(1.2) pt [15.276, 6.612, 1.35] is in [[15.048, 6.384, 1.35], [15.048, 6.384, 1.35]]
(1.2) pt [15.276, 6.612, 1.35] is in [[15.276, 6.384, 1.35], [15.276, 6.612, 1.35]]
(1.2) pt [15.276, 6.612, 1.35] is in [[15.276, 6.612, 1.35], [15.276, 6.612, 1.35]]
(1.2) pt [15.276, 6.612, 1.35] is in [[15.276, 6.612, 1.35], [15.048, 6.612, 1.35]]
(1.2) pt [15.276, 6.612, 1.35] is in [[15.048, 6.612, 1.35], [15.048, 6.612, 1.35]]
(1.4) pt [15.048, 6.384, 1.35] is in [[15.048, 6.84, 1.35], [15.048, 6.84, 1.35]]
(1.3) pt [11.4, 3.42, 1.35] is in [[15.048, 6.84, 1.35], [15.048, 6.84, 1.35]]
(1.3) pt [14.136, 7.296, 1.35] is in [[15.048, 6.84, 1.35], [15.048, 6.84, 1.35]]
(1.1) pt [3.648, 0.228, 1.55] is in [[13.68, 6.84, 1.55], [13.68, 6.84, 1.55]]
(1.1) pt [3.648, 0.228, 1.55] is in [[14.592, 6.84, 1.55], [14.592, 6.84, 1.55]]
(1.2) pt [15.276, 6.384, 1.55] is in [[13.68, 6.84, 1.55], [13.68, 6.84, 1.55]]
(1.2) pt [15.276, 6.384, 1.55] is in [[14.592, 6.84, 1.55], [14.592, 6.84, 1.55]]
(1.1) pt [15.276, 6.612, 1.55] is in [[13.68, 6.84, 1.55], [13.68, 6.84, 1.55]]
(1.1) pt [15.276, 6.612, 1.55] is in [[14.592, 6.84, 1.55], [14.592, 6.84, 1.55]]
(1.3) pt [13.68, 6.84, 1.35] is in [[15.048, 6.84, 1.35], [15.048, 6.84, 1.35]]
(1.4) pt [14.8179024, 6.84, 1.35] is in [[15.048, 6.84, 1.35], [15.048, 6.84, 1.35]]
(1.1) pt [3.648, 0.228, 1.55] is in [[12.084, 6.612, 1.55], [12.084, 6.612, 1.55]]
(1.2) pt [15.276, 6.384, 1.55] is in [[12.084, 6.612, 1.55], [12.084, 6.612, 1.55]]
(1.1) pt [15.276, 6.612, 1.55] is in [[12.084, 6.612, 1.55], [12.084, 6.612, 1.55]]
(1.3) pt [12.084, 6.612, 1.35] is in [[15.048, 6.84, 1.35], [15.048, 6.84, 1.35]]
(1.4) pt [14.133909999999998, 6.612, 1.35] is in [[15.048, 6.84, 1.35], [15.048, 6.84, 1.35]]
(1.2) pt [3.648, 0.228, 1.75] is in [[13.68, 6.156, 1.75], [13.68, 6.156, 1.75]]
(1.2) pt [3.648, 0.228, 1.75] is in [[13.908, 6.156, 1.75], [13.908, 6.156, 1.75]]
(1.1) pt [3.648, 3.42, 1.75] is in [[13.68, 6.156, 1.75], [13.68, 6.156, 1.75]]
(1.1) pt [3.648, 3.42, 1.75] is in [[13.908, 6.156, 1.75], [13.908, 6.156, 1.75]]
(1.4) pt [13.224, 5.7, 1.95] is in [[3.648, 3.42, 1.95], [3.648, 3.42, 1.95]]
(1.3) pt [13.452, 5.928, 1.95] is in [[3.648, 3.42, 1.95], [3.648, 3.42, 1.95]]
(1.2) pt [15.276, 6.156, 1.75] is in [[13.68, 6.156, 1.75], [13.68, 6.156, 1.75]]
(1.2) pt [15.276, 6.156, 1.75] is in [[13.908, 6.156, 1.75], [13.908, 6.156, 1.75]]
(1.1) pt [15.276, 6.384, 1.75] is in [[13.68, 6.156, 1.75], [13.68, 6.156, 1.75]]
(1.1) pt [15.276, 6.384, 1.75] is in [[13.908, 6.156, 1.75], [13.908, 6.156, 1.75]]
(1.2) pt [15.276, 6.612, 1.35] is in [[14.364, 6.84, 1.35], [14.364, 6.84, 1.35]]
(1.4) pt [13.908, 6.156, 1.35] is in [[15.048, 6.84, 1.35], [15.048, 6.84, 1.35]]
(1.3) pt [13.908, 6.612, 1.35] is in [[15.048, 6.84, 1.35], [15.048, 6.84, 1.35]]
(1.4) pt [14.364, 6.84, 1.35] is in [[15.048, 6.84, 1.35], [15.048, 6.84, 1.35]]
(1.2) pt [3.648, 0.228, 1.75] is in [[3.192, 0.228, 1.75], [3.192, 0.228, 1.75]]
(1.1) pt [3.648, 3.42, 1.75] is in [[3.192, 0.228, 1.75], [3.192, 0.228, 1.75]]
(1.4) pt [3.648, 0.684, 1.95] is in [[3.648, 3.42, 1.95], [3.648, 3.42, 1.95]]
(1.3) pt [3.42, 0.456, 1.95] is in [[3.648, 3.42, 1.95], [3.648, 3.42, 1.95]]
(1.2) pt [15.276, 6.156, 1.75] is in [[3.192, 0.228, 1.75], [3.192, 0.228, 1.75]]
(1.1) pt [15.276, 6.384, 1.75] is in [[3.192, 0.228, 1.75], [3.192, 0.228, 1.75]]
(1.4) pt [3.192, 0.228, 1.35] is in [[15.048, 6.84, 1.35], [15.048, 6.84, 1.35]]
(1.3) pt [3.192, 0.228, 1.35] is in [[15.048, 6.84, 1.35], [15.048, 6.84, 1.35]]
(1.4) pt [8.436, 6.612, 1.95] is in [[3.648, 3.42, 1.95], [3.648, 3.42, 1.95]]
(1.3) pt [8.664, 6.612, 1.95] is in [[3.648, 3.42, 1.95], [3.648, 3.42, 1.95]]
(1.4) pt [7.752, 6.612, 1.35] is in [[15.048, 6.84, 1.35], [15.048, 6.84, 1.35]]
(1.3) pt [7.98, 6.612, 1.35] is in [[15.048, 6.84, 1.35], [15.048, 6.84, 1.35]]
(1.2) pt [3.648, 0.228, 1.75] is in [[9.348, 5.472, 1.75], [9.348, 5.472, 1.75]]
(1.2) pt [3.648, 0.228, 1.75] is in [[9.576, 5.472, 1.75], [9.576, 5.472, 1.75]]
(1.1) pt [3.648, 3.42, 1.75] is in [[9.348, 5.472, 1.75], [9.348, 5.472, 1.75]]
(1.1) pt [3.648, 3.42, 1.75] is in [[9.576, 5.472, 1.75], [9.576, 5.472, 1.75]]
(1.4) pt [9.348, 5.016, 1.95] is in [[3.648, 3.42, 1.95], [3.648, 3.42, 1.95]]
(1.3) pt [9.348, 5.244, 1.95] is in [[3.648, 3.42, 1.95], [3.648, 3.42, 1.95]]
(1.2) pt [15.276, 6.156, 1.75] is in [[9.348, 5.472, 1.75], [9.348, 5.472, 1.75]]
(1.2) pt [15.276, 6.156, 1.75] is in [[9.576, 5.472, 1.75], [9.576, 5.472, 1.75]]
(1.1) pt [15.276, 6.384, 1.75] is in [[9.348, 5.472, 1.75], [9.348, 5.472, 1.75]]
(1.1) pt [15.276, 6.384, 1.75] is in [[9.576, 5.472, 1.75], [9.576, 5.472, 1.75]]
(1.4) pt [9.576, 5.472, 1.35] is in [[15.048, 6.84, 1.35], [15.048, 6.84, 1.35]]
(1.3) pt [9.576, 5.472, 1.35] is in [[15.048, 6.84, 1.35], [15.048, 6.84, 1.35]]
(1.4) pt [10.032, 6.156, 1.95] is in [[3.648, 3.42, 1.95], [3.648, 3.42, 1.95]]
(1.3) pt [10.032, 6.384, 1.95] is in [[3.648, 3.42, 1.95], [3.648, 3.42, 1.95]]
(1.4) pt [10.032, 7.068, 1.35] is in [[15.048, 6.84, 1.35], [15.048, 6.84, 1.35]]
(1.3) pt [10.032, 7.068, 1.35] is in [[15.048, 6.84, 1.35], [15.048, 6.84, 1.35]]
(1.2) pt [15.048, 6.384, 1.35] is in [[15.048, 6.84, 1.35], [15.048, 6.84, 1.35]]
(1.4) pt [15.276, 6.612, 1.35] is in [[15.048, 6.384, 1.35], [15.048, 6.384, 1.35]]
(1.4) pt [15.276, 6.612, 1.35] is in [[15.276, 6.384, 1.35], [15.276, 6.612, 1.35]]
(1.4) pt [15.276, 6.612, 1.35] is in [[15.276, 6.612, 1.35], [15.276, 6.612, 1.35]]
(1.4) pt [15.276, 6.612, 1.35] is in [[15.276, 6.612, 1.35], [15.048, 6.612, 1.35]]
(1.4) pt [15.276, 6.612, 1.35] is in [[15.048, 6.612, 1.35], [15.048, 6.612, 1.35]]
(1.3) pt [11.4, 3.42, 1.35] is in [[15.048, 6.384, 1.35], [15.048, 6.384, 1.35]]
(1.3) pt [11.4, 3.42, 1.35] is in [[15.276, 6.612, 1.35], [15.276, 6.612, 1.35]]
(1.3) pt [11.4, 3.42, 1.35] is in [[15.048, 6.612, 1.35], [15.048, 6.612, 1.35]]
(1.3) pt [14.136, 7.296, 1.35] is in [[15.048, 6.384, 1.35], [15.048, 6.384, 1.35]]
(1.3) pt [14.136, 7.296, 1.35] is in [[15.276, 6.612, 1.35], [15.276, 6.612, 1.35]]
(1.3) pt [14.136, 7.296, 1.35] is in [[15.048, 6.612, 1.35], [15.048, 6.612, 1.35]]
(1.3) pt [13.68, 6.84, 1.35] is in [[15.048, 6.384, 1.35], [15.048, 6.384, 1.35]]
(1.4) pt [14.8179024, 6.84, 1.35] is in [[15.048, 6.384, 1.35], [15.048, 6.384, 1.35]]
(1.3) pt [13.68, 6.84, 1.35] is in [[15.276, 6.612, 1.35], [15.276, 6.612, 1.35]]
(1.4) pt [14.8179024, 6.84, 1.35] is in [[15.276, 6.612, 1.35], [15.276, 6.612, 1.35]]
(1.3) pt [13.68, 6.84, 1.35] is in [[15.048, 6.612, 1.35], [15.048, 6.612, 1.35]]
(1.4) pt [14.8179024, 6.84, 1.35] is in [[15.048, 6.612, 1.35], [15.048, 6.612, 1.35]]
(1.3) pt [12.084, 6.612, 1.35] is in [[15.048, 6.384, 1.35], [15.048, 6.384, 1.35]]
(1.4) pt [14.133909999999998, 6.612, 1.35] is in [[15.048, 6.384, 1.35], [15.048, 6.384, 1.35]]
(1.3) pt [12.084, 6.612, 1.35] is in [[15.276, 6.612, 1.35], [15.276, 6.612, 1.35]]
(1.4) pt [14.133909999999998, 6.612, 1.35] is in [[15.276, 6.612, 1.35], [15.276, 6.612, 1.35]]
(1.3) pt [12.084, 6.612, 1.35] is in [[15.048, 6.612, 1.35], [15.048, 6.612, 1.35]]
(1.4) pt [14.133909999999998, 6.612, 1.35] is in [[15.048, 6.612, 1.35], [15.048, 6.612, 1.35]]
(1.1) pt [15.048, 6.384, 1.1500000000000001] is in [[13.908, 6.612, 1.1500000000000001], [13.908, 6.612, 1.1500000000000001]]
(1.1) pt [15.048, 6.384, 1.1500000000000001] is in [[13.908, 6.84, 1.1500000000000001], [13.908, 6.84, 1.1500000000000001]]
(1.1) pt [15.048, 6.384, 1.1500000000000001] is in [[13.908, 7.068, 1.1500000000000001], [13.908, 7.068, 1.1500000000000001]]
(1.2) pt [15.048, 6.384, 1.35] is in [[14.364, 6.84, 1.35], [14.364, 6.84, 1.35]]
(1.4) pt [13.908, 6.156, 1.35] is in [[15.048, 6.384, 1.35], [15.048, 6.384, 1.35]]
(1.3) pt [13.908, 6.612, 1.35] is in [[15.048, 6.384, 1.35], [15.048, 6.384, 1.35]]
(1.4) pt [14.364, 6.84, 1.35] is in [[15.048, 6.384, 1.35], [15.048, 6.384, 1.35]]
(1.4) pt [13.908, 6.156, 1.35] is in [[15.276, 6.612, 1.35], [15.276, 6.612, 1.35]]
(1.3) pt [13.908, 6.612, 1.35] is in [[15.276, 6.612, 1.35], [15.276, 6.612, 1.35]]
(1.4) pt [14.364, 6.84, 1.35] is in [[15.276, 6.612, 1.35], [15.276, 6.612, 1.35]]
(1.4) pt [13.908, 6.156, 1.35] is in [[15.048, 6.612, 1.35], [15.048, 6.612, 1.35]]
(1.3) pt [13.908, 6.612, 1.35] is in [[15.048, 6.612, 1.35], [15.048, 6.612, 1.35]]
(1.4) pt [14.364, 6.84, 1.35] is in [[15.048, 6.612, 1.35], [15.048, 6.612, 1.35]]
(1.4) pt [3.192, 0.228, 1.35] is in [[15.048, 6.384, 1.35], [15.048, 6.384, 1.35]]
(1.3) pt [3.192, 0.228, 1.35] is in [[15.048, 6.384, 1.35], [15.048, 6.384, 1.35]]
(1.4) pt [3.192, 0.228, 1.35] is in [[15.276, 6.612, 1.35], [15.276, 6.612, 1.35]]
(1.3) pt [3.192, 0.228, 1.35] is in [[15.276, 6.612, 1.35], [15.276, 6.612, 1.35]]
(1.4) pt [3.192, 0.228, 1.35] is in [[15.048, 6.612, 1.35], [15.048, 6.612, 1.35]]
(1.3) pt [3.192, 0.228, 1.35] is in [[15.048, 6.612, 1.35], [15.048, 6.612, 1.35]]
(1.4) pt [7.752, 6.612, 1.35] is in [[15.048, 6.384, 1.35], [15.048, 6.384, 1.35]]
(1.3) pt [7.98, 6.612, 1.35] is in [[15.048, 6.384, 1.35], [15.048, 6.384, 1.35]]
(1.4) pt [7.752, 6.612, 1.35] is in [[15.276, 6.612, 1.35], [15.276, 6.612, 1.35]]
(1.3) pt [7.98, 6.612, 1.35] is in [[15.276, 6.612, 1.35], [15.276, 6.612, 1.35]]
(1.4) pt [7.752, 6.612, 1.35] is in [[15.048, 6.612, 1.35], [15.048, 6.612, 1.35]]
(1.3) pt [7.98, 6.612, 1.35] is in [[15.048, 6.612, 1.35], [15.048, 6.612, 1.35]]
(1.4) pt [9.576, 5.472, 1.35] is in [[15.048, 6.384, 1.35], [15.048, 6.384, 1.35]]
(1.3) pt [9.576, 5.472, 1.35] is in [[15.048, 6.384, 1.35], [15.048, 6.384, 1.35]]
(1.4) pt [9.576, 5.472, 1.35] is in [[15.276, 6.612, 1.35], [15.276, 6.612, 1.35]]
(1.3) pt [9.576, 5.472, 1.35] is in [[15.276, 6.612, 1.35], [15.276, 6.612, 1.35]]
(1.4) pt [9.576, 5.472, 1.35] is in [[15.048, 6.612, 1.35], [15.048, 6.612, 1.35]]
(1.3) pt [9.576, 5.472, 1.35] is in [[15.048, 6.612, 1.35], [15.048, 6.612, 1.35]]
(1.4) pt [10.032, 7.068, 1.35] is in [[15.048, 6.384, 1.35], [15.048, 6.384, 1.35]]
(1.3) pt [10.032, 7.068, 1.35] is in [[15.048, 6.384, 1.35], [15.048, 6.384, 1.35]]
(1.4) pt [10.032, 7.068, 1.35] is in [[15.276, 6.612, 1.35], [15.276, 6.612, 1.35]]
(1.3) pt [10.032, 7.068, 1.35] is in [[15.276, 6.612, 1.35], [15.276, 6.612, 1.35]]
(1.4) pt [10.032, 7.068, 1.35] is in [[15.048, 6.612, 1.35], [15.048, 6.612, 1.35]]
(1.3) pt [10.032, 7.068, 1.35] is in [[15.048, 6.612, 1.35], [15.048, 6.612, 1.35]]
(1.1) pt [11.4, 3.42, 1.35] is in [[15.048, 6.84, 1.35], [15.048, 6.84, 1.35]]
(1.1) pt [11.4, 3.42, 1.35] is in [[15.048, 6.384, 1.35], [15.048, 6.384, 1.35]]
(1.1) pt [11.4, 3.42, 1.35] is in [[15.276, 6.612, 1.35], [15.276, 6.612, 1.35]]
(1.1) pt [11.4, 3.42, 1.35] is in [[15.048, 6.612, 1.35], [15.048, 6.612, 1.35]]
(1.2) pt [11.628, 3.42, 0.9500000000000001] is in [[14.136, 7.752, 0.9500000000000001], [14.136, 7.752, 0.9500000000000001]]
(1.2) pt [11.628, 3.42, 0.9500000000000001] is in [[14.136, 7.98, 0.9500000000000001], [14.136, 7.98, 0.9500000000000001]]
(1.4) pt [14.136, 7.524, 0.9500000000000001] is in [[11.856, 3.42, 0.9500000000000001], [11.856, 3.42, 0.9500000000000001]]
(1.3) pt [14.136, 8.208, 0.9500000000000001] is in [[11.856, 3.42, 0.9500000000000001], [11.856, 3.42, 0.9500000000000001]]
(1.4) pt [14.136, 7.524, 0.9500000000000001] is in [[12.084, 3.42, 0.9500000000000001], [12.084, 3.42, 0.9500000000000001]]
(1.3) pt [14.136, 8.208, 0.9500000000000001] is in [[12.084, 3.42, 0.9500000000000001], [12.084, 3.42, 0.9500000000000001]]
(1.1) pt [12.312, 7.296, 0.9500000000000001] is in [[14.136, 7.752, 0.9500000000000001], [14.136, 7.752, 0.9500000000000001]]
(1.1) pt [12.312, 7.296, 0.9500000000000001] is in [[14.136, 7.98, 0.9500000000000001], [14.136, 7.98, 0.9500000000000001]]
(1.2) pt [11.4, 3.42, 1.1500000000000001] is in [[13.908, 6.612, 1.1500000000000001], [13.908, 6.612, 1.1500000000000001]]
(1.2) pt [11.4, 3.42, 1.1500000000000001] is in [[13.908, 6.84, 1.1500000000000001], [13.908, 6.84, 1.1500000000000001]]
(1.2) pt [11.4, 3.42, 1.1500000000000001] is in [[13.908, 7.068, 1.1500000000000001], [13.908, 7.068, 1.1500000000000001]]
(1.1) pt [11.4, 3.42, 1.35] is in [[14.364, 6.84, 1.35], [14.364, 6.84, 1.35]]
(1.1) pt [11.628, 3.42, 1.1500000000000001] is in [[13.908, 6.612, 1.1500000000000001], [13.908, 6.612, 1.1500000000000001]]
(1.1) pt [11.628, 3.42, 1.1500000000000001] is in [[13.908, 6.84, 1.1500000000000001], [13.908, 6.84, 1.1500000000000001]]
(1.1) pt [11.628, 3.42, 1.1500000000000001] is in [[13.908, 7.068, 1.1500000000000001], [13.908, 7.068, 1.1500000000000001]]
(1.4) pt [3.192, 0.228, 0.9500000000000001] is in [[11.856, 3.42, 0.9500000000000001], [11.856, 3.42, 0.9500000000000001]]
(1.3) pt [3.192, 0.228, 0.9500000000000001] is in [[11.856, 3.42, 0.9500000000000001], [11.856, 3.42, 0.9500000000000001]]
(1.4) pt [3.42, 0.228, 0.9500000000000001] is in [[11.856, 3.42, 0.9500000000000001], [11.856, 3.42, 0.9500000000000001]]
(1.4) pt [3.192, 0.228, 0.9500000000000001] is in [[12.084, 3.42, 0.9500000000000001], [12.084, 3.42, 0.9500000000000001]]
(1.3) pt [3.192, 0.228, 0.9500000000000001] is in [[12.084, 3.42, 0.9500000000000001], [12.084, 3.42, 0.9500000000000001]]
(1.4) pt [3.42, 0.228, 0.9500000000000001] is in [[12.084, 3.42, 0.9500000000000001], [12.084, 3.42, 0.9500000000000001]]
(1.3) pt [0.228, 6.156, 0.9500000000000001] is in [[11.856, 3.42, 0.9500000000000001], [11.856, 3.42, 0.9500000000000001]]
(1.4) pt [0.456, 6.384, 0.9500000000000001] is in [[11.856, 3.42, 0.9500000000000001], [11.856, 3.42, 0.9500000000000001]]
(1.3) pt [7.524, 6.612, 0.9500000000000001] is in [[11.856, 3.42, 0.9500000000000001], [11.856, 3.42, 0.9500000000000001]]
(1.3) pt [0.228, 6.156, 0.9500000000000001] is in [[12.084, 3.42, 0.9500000000000001], [12.084, 3.42, 0.9500000000000001]]
(1.4) pt [0.456, 6.384, 0.9500000000000001] is in [[12.084, 3.42, 0.9500000000000001], [12.084, 3.42, 0.9500000000000001]]
(1.3) pt [7.524, 6.612, 0.9500000000000001] is in [[12.084, 3.42, 0.9500000000000001], [12.084, 3.42, 0.9500000000000001]]
(1.2) pt [12.312, 7.296, 0.75] is in [[0.456, 6.384, 0.75], [0.456, 6.384, 0.75]]
(1.2) pt [11.628, 3.42, 0.9500000000000001] is in [[9.576, 5.928, 0.9500000000000001], [9.576, 5.928, 0.9500000000000001]]
(1.4) pt [9.576, 5.7, 0.9500000000000001] is in [[11.856, 3.42, 0.9500000000000001], [11.856, 3.42, 0.9500000000000001]]
(1.3) pt [9.576, 6.156, 0.9500000000000001] is in [[11.856, 3.42, 0.9500000000000001], [11.856, 3.42, 0.9500000000000001]]
(1.4) pt [9.576, 5.7, 0.9500000000000001] is in [[12.084, 3.42, 0.9500000000000001], [12.084, 3.42, 0.9500000000000001]]
(1.3) pt [9.576, 6.156, 0.9500000000000001] is in [[12.084, 3.42, 0.9500000000000001], [12.084, 3.42, 0.9500000000000001]]
(1.1) pt [12.312, 7.296, 0.9500000000000001] is in [[9.576, 5.928, 0.9500000000000001], [9.576, 5.928, 0.9500000000000001]]
(1.2) pt [11.628, 3.42, 0.9500000000000001] is in [[10.032, 7.524, 0.9500000000000001], [10.032, 7.524, 0.9500000000000001]]
(1.2) pt [11.628, 3.42, 0.9500000000000001] is in [[11.856, 7.98, 0.9500000000000001], [11.856, 7.98, 0.9500000000000001]]
(1.4) pt [10.032, 7.524, 0.9500000000000001] is in [[11.856, 3.42, 0.9500000000000001], [11.856, 3.42, 0.9500000000000001]]
(1.3) pt [10.032, 7.98, 0.9500000000000001] is in [[11.856, 3.42, 0.9500000000000001], [11.856, 3.42, 0.9500000000000001]]
(1.4) pt [11.628, 7.98, 0.9500000000000001] is in [[11.856, 3.42, 0.9500000000000001], [11.856, 3.42, 0.9500000000000001]]
(1.3) pt [11.856, 7.98, 0.9500000000000001] is in [[11.856, 3.42, 0.9500000000000001], [11.856, 3.42, 0.9500000000000001]]
(1.4) pt [10.032, 7.524, 0.9500000000000001] is in [[12.084, 3.42, 0.9500000000000001], [12.084, 3.42, 0.9500000000000001]]
(1.3) pt [10.032, 7.98, 0.9500000000000001] is in [[12.084, 3.42, 0.9500000000000001], [12.084, 3.42, 0.9500000000000001]]
(1.4) pt [11.628, 7.98, 0.9500000000000001] is in [[12.084, 3.42, 0.9500000000000001], [12.084, 3.42, 0.9500000000000001]]
(1.3) pt [11.856, 7.98, 0.9500000000000001] is in [[12.084, 3.42, 0.9500000000000001], [12.084, 3.42, 0.9500000000000001]]
(1.1) pt [12.312, 7.296, 0.9500000000000001] is in [[10.032, 7.524, 0.9500000000000001], [10.032, 7.524, 0.9500000000000001]]
(1.2) pt [12.312, 7.296, 0.75] is in [[10.032, 7.98, 0.75], [10.032, 7.98, 0.75]]
(1.1) pt [12.312, 7.296, 0.9500000000000001] is in [[11.856, 7.98, 0.9500000000000001], [11.856, 7.98, 0.9500000000000001]]
(1.1) pt [14.136, 7.296, 1.35] is in [[15.048, 6.84, 1.35], [15.048, 6.84, 1.35]]
(1.1) pt [14.136, 7.296, 1.35] is in [[15.048, 6.384, 1.35], [15.048, 6.384, 1.35]]
(1.1) pt [14.136, 7.296, 1.35] is in [[15.276, 6.612, 1.35], [15.276, 6.612, 1.35]]
(1.1) pt [14.136, 7.296, 1.35] is in [[15.048, 6.612, 1.35], [15.048, 6.612, 1.35]]
(1.2) pt [14.136, 7.524, 0.9500000000000001] is in [[11.856, 3.42, 0.9500000000000001], [11.856, 3.42, 0.9500000000000001]]
(1.2) pt [14.136, 7.524, 0.9500000000000001] is in [[12.084, 3.42, 0.9500000000000001], [12.084, 3.42, 0.9500000000000001]]
(1.4) pt [11.628, 3.42, 0.9500000000000001] is in [[14.136, 7.752, 0.9500000000000001], [14.136, 7.752, 0.9500000000000001]]
(1.3) pt [12.312, 7.296, 0.9500000000000001] is in [[14.136, 7.752, 0.9500000000000001], [14.136, 7.752, 0.9500000000000001]]
(1.4) pt [11.628, 3.42, 0.9500000000000001] is in [[14.136, 7.98, 0.9500000000000001], [14.136, 7.98, 0.9500000000000001]]
(1.3) pt [12.312, 7.296, 0.9500000000000001] is in [[14.136, 7.98, 0.9500000000000001], [14.136, 7.98, 0.9500000000000001]]
(1.1) pt [14.136, 8.208, 0.9500000000000001] is in [[11.856, 3.42, 0.9500000000000001], [11.856, 3.42, 0.9500000000000001]]
(1.1) pt [14.136, 8.208, 0.9500000000000001] is in [[12.084, 3.42, 0.9500000000000001], [12.084, 3.42, 0.9500000000000001]]
(1.2) pt [14.136, 7.296, 1.1500000000000001] is in [[13.908, 6.612, 1.1500000000000001], [13.908, 6.612, 1.1500000000000001]]
(1.2) pt [14.136, 7.296, 1.1500000000000001] is in [[13.908, 6.84, 1.1500000000000001], [13.908, 6.84, 1.1500000000000001]]
(1.2) pt [14.136, 7.296, 1.1500000000000001] is in [[13.908, 7.068, 1.1500000000000001], [13.908, 7.068, 1.1500000000000001]]
(1.1) pt [14.136, 7.296, 1.35] is in [[14.364, 6.84, 1.35], [14.364, 6.84, 1.35]]
(1.1) pt [14.136, 7.524, 1.1500000000000001] is in [[13.908, 6.612, 1.1500000000000001], [13.908, 6.612, 1.1500000000000001]]
(1.1) pt [14.136, 7.524, 1.1500000000000001] is in [[13.908, 6.84, 1.1500000000000001], [13.908, 6.84, 1.1500000000000001]]
(1.1) pt [14.136, 7.524, 1.1500000000000001] is in [[13.908, 7.068, 1.1500000000000001], [13.908, 7.068, 1.1500000000000001]]
(1.4) pt [3.192, 0.228, 0.9500000000000001] is in [[14.136, 7.752, 0.9500000000000001], [14.136, 7.752, 0.9500000000000001]]
(1.3) pt [3.192, 0.228, 0.9500000000000001] is in [[14.136, 7.752, 0.9500000000000001], [14.136, 7.752, 0.9500000000000001]]
(1.4) pt [3.42, 0.228, 0.9500000000000001] is in [[14.136, 7.752, 0.9500000000000001], [14.136, 7.752, 0.9500000000000001]]
(1.4) pt [3.192, 0.228, 0.9500000000000001] is in [[14.136, 7.98, 0.9500000000000001], [14.136, 7.98, 0.9500000000000001]]
(1.3) pt [3.192, 0.228, 0.9500000000000001] is in [[14.136, 7.98, 0.9500000000000001], [14.136, 7.98, 0.9500000000000001]]
(1.4) pt [3.42, 0.228, 0.9500000000000001] is in [[14.136, 7.98, 0.9500000000000001], [14.136, 7.98, 0.9500000000000001]]
(1.3) pt [0.228, 6.156, 0.9500000000000001] is in [[14.136, 7.752, 0.9500000000000001], [14.136, 7.752, 0.9500000000000001]]
(1.4) pt [0.456, 6.384, 0.9500000000000001] is in [[14.136, 7.752, 0.9500000000000001], [14.136, 7.752, 0.9500000000000001]]
(1.3) pt [7.524, 6.612, 0.9500000000000001] is in [[14.136, 7.752, 0.9500000000000001], [14.136, 7.752, 0.9500000000000001]]
(1.3) pt [0.228, 6.156, 0.9500000000000001] is in [[14.136, 7.98, 0.9500000000000001], [14.136, 7.98, 0.9500000000000001]]
(1.4) pt [0.456, 6.384, 0.9500000000000001] is in [[14.136, 7.98, 0.9500000000000001], [14.136, 7.98, 0.9500000000000001]]
(1.3) pt [7.524, 6.612, 0.9500000000000001] is in [[14.136, 7.98, 0.9500000000000001], [14.136, 7.98, 0.9500000000000001]]
(1.2) pt [14.136, 8.208, 0.75] is in [[0.456, 6.384, 0.75], [0.456, 6.384, 0.75]]
(1.2) pt [14.136, 7.524, 0.9500000000000001] is in [[9.576, 5.928, 0.9500000000000001], [9.576, 5.928, 0.9500000000000001]]
(1.4) pt [9.576, 5.7, 0.9500000000000001] is in [[14.136, 7.752, 0.9500000000000001], [14.136, 7.752, 0.9500000000000001]]
(1.3) pt [9.576, 6.156, 0.9500000000000001] is in [[14.136, 7.752, 0.9500000000000001], [14.136, 7.752, 0.9500000000000001]]
(1.4) pt [9.576, 5.7, 0.9500000000000001] is in [[14.136, 7.98, 0.9500000000000001], [14.136, 7.98, 0.9500000000000001]]
(1.3) pt [9.576, 6.156, 0.9500000000000001] is in [[14.136, 7.98, 0.9500000000000001], [14.136, 7.98, 0.9500000000000001]]
(1.1) pt [14.136, 8.208, 0.9500000000000001] is in [[9.576, 5.928, 0.9500000000000001], [9.576, 5.928, 0.9500000000000001]]
(1.2) pt [14.136, 7.524, 0.9500000000000001] is in [[10.032, 7.524, 0.9500000000000001], [10.032, 7.524, 0.9500000000000001]]
(1.2) pt [14.136, 7.524, 0.9500000000000001] is in [[11.856, 7.98, 0.9500000000000001], [11.856, 7.98, 0.9500000000000001]]
(1.4) pt [10.032, 7.524, 0.9500000000000001] is in [[14.136, 7.752, 0.9500000000000001], [14.136, 7.752, 0.9500000000000001]]
(1.3) pt [10.032, 7.98, 0.9500000000000001] is in [[14.136, 7.752, 0.9500000000000001], [14.136, 7.752, 0.9500000000000001]]
(1.4) pt [11.628, 7.98, 0.9500000000000001] is in [[14.136, 7.752, 0.9500000000000001], [14.136, 7.752, 0.9500000000000001]]
(1.3) pt [11.856, 7.98, 0.9500000000000001] is in [[14.136, 7.752, 0.9500000000000001], [14.136, 7.752, 0.9500000000000001]]
(1.4) pt [10.032, 7.524, 0.9500000000000001] is in [[14.136, 7.98, 0.9500000000000001], [14.136, 7.98, 0.9500000000000001]]
(1.3) pt [10.032, 7.98, 0.9500000000000001] is in [[14.136, 7.98, 0.9500000000000001], [14.136, 7.98, 0.9500000000000001]]
(1.4) pt [11.628, 7.98, 0.9500000000000001] is in [[14.136, 7.98, 0.9500000000000001], [14.136, 7.98, 0.9500000000000001]]
(1.3) pt [11.856, 7.98, 0.9500000000000001] is in [[14.136, 7.98, 0.9500000000000001], [14.136, 7.98, 0.9500000000000001]]
(1.1) pt [14.136, 8.208, 0.9500000000000001] is in [[10.032, 7.524, 0.9500000000000001], [10.032, 7.524, 0.9500000000000001]]
(1.2) pt [14.136, 8.208, 0.75] is in [[10.032, 7.98, 0.75], [10.032, 7.98, 0.75]]
(1.1) pt [14.136, 8.208, 0.9500000000000001] is in [[11.856, 7.98, 0.9500000000000001], [11.856, 7.98, 0.9500000000000001]]
(1.1) pt [13.68, 6.84, 1.35] is in [[15.048, 6.84, 1.35], [15.048, 6.84, 1.35]]
(1.3) pt [3.648, 0.228, 1.55] is in [[13.68, 6.84, 1.55], [13.68, 6.84, 1.55]]
(1.4) pt [15.276, 6.384, 1.55] is in [[13.68, 6.84, 1.55], [13.68, 6.84, 1.55]]
(1.3) pt [15.276, 6.612, 1.55] is in [[13.68, 6.84, 1.55], [13.68, 6.84, 1.55]]
(1.3) pt [3.648, 0.228, 1.55] is in [[14.592, 6.84, 1.55], [14.592, 6.84, 1.55]]
(1.4) pt [15.276, 6.384, 1.55] is in [[14.592, 6.84, 1.55], [14.592, 6.84, 1.55]]
(1.3) pt [15.276, 6.612, 1.55] is in [[14.592, 6.84, 1.55], [14.592, 6.84, 1.55]]
(1.2) pt [14.8179024, 6.84, 1.35] is in [[15.048, 6.84, 1.35], [15.048, 6.84, 1.35]]
(1.1) pt [13.68, 6.84, 1.35] is in [[15.048, 6.384, 1.35], [15.048, 6.384, 1.35]]
(1.1) pt [13.68, 6.84, 1.35] is in [[15.276, 6.612, 1.35], [15.276, 6.612, 1.35]]
(1.1) pt [13.68, 6.84, 1.35] is in [[15.048, 6.612, 1.35], [15.048, 6.612, 1.35]]
(1.2) pt [14.8179024, 6.84, 1.35] is in [[15.048, 6.384, 1.35], [15.048, 6.384, 1.35]]
(1.2) pt [14.8179024, 6.84, 1.35] is in [[15.276, 6.612, 1.35], [15.276, 6.612, 1.35]]
(1.2) pt [14.8179024, 6.84, 1.35] is in [[15.048, 6.612, 1.35], [15.048, 6.612, 1.35]]
(1.2) pt [13.68, 6.84, 1.55] is in [[12.084, 6.612, 1.55], [12.084, 6.612, 1.55]]
(1.4) pt [12.084, 6.612, 1.55] is in [[13.68, 6.84, 1.55], [13.68, 6.84, 1.55]]
(1.3) pt [14.133909999999998, 6.612, 1.55] is in [[13.68, 6.84, 1.55], [13.68, 6.84, 1.55]]
(1.4) pt [12.084, 6.612, 1.55] is in [[14.592, 6.84, 1.55], [14.592, 6.84, 1.55]]
(1.3) pt [14.133909999999998, 6.612, 1.55] is in [[14.592, 6.84, 1.55], [14.592, 6.84, 1.55]]
(1.1) pt [14.8179024, 6.84, 1.55] is in [[12.084, 6.612, 1.55], [12.084, 6.612, 1.55]]
(1.1) pt [13.68, 6.84, 1.35] is in [[14.364, 6.84, 1.35], [14.364, 6.84, 1.35]]
(1.4) pt [13.908, 6.156, 1.55] is in [[13.68, 6.84, 1.55], [13.68, 6.84, 1.55]]
(1.3) pt [13.908, 6.156, 1.55] is in [[13.68, 6.84, 1.55], [13.68, 6.84, 1.55]]
(1.4) pt [13.908, 6.156, 1.55] is in [[14.592, 6.84, 1.55], [14.592, 6.84, 1.55]]
(1.3) pt [13.908, 6.156, 1.55] is in [[14.592, 6.84, 1.55], [14.592, 6.84, 1.55]]
(1.2) pt [14.8179024, 6.84, 1.35] is in [[14.364, 6.84, 1.35], [14.364, 6.84, 1.35]]
(1.4) pt [3.192, 0.228, 1.55] is in [[13.68, 6.84, 1.55], [13.68, 6.84, 1.55]]
(1.3) pt [3.192, 0.228, 1.55] is in [[13.68, 6.84, 1.55], [13.68, 6.84, 1.55]]
(1.4) pt [3.192, 0.228, 1.55] is in [[14.592, 6.84, 1.55], [14.592, 6.84, 1.55]]
(1.3) pt [3.192, 0.228, 1.55] is in [[14.592, 6.84, 1.55], [14.592, 6.84, 1.55]]
(1.4) pt [7.98, 6.612, 1.55] is in [[13.68, 6.84, 1.55], [13.68, 6.84, 1.55]]
(1.3) pt [8.208, 6.612, 1.55] is in [[13.68, 6.84, 1.55], [13.68, 6.84, 1.55]]
(1.4) pt [7.98, 6.612, 1.55] is in [[14.592, 6.84, 1.55], [14.592, 6.84, 1.55]]
(1.3) pt [8.208, 6.612, 1.55] is in [[14.592, 6.84, 1.55], [14.592, 6.84, 1.55]]
(1.4) pt [9.576, 5.472, 1.55] is in [[13.68, 6.84, 1.55], [13.68, 6.84, 1.55]]
(1.3) pt [9.576, 5.472, 1.55] is in [[13.68, 6.84, 1.55], [13.68, 6.84, 1.55]]
(1.4) pt [9.576, 5.472, 1.55] is in [[14.592, 6.84, 1.55], [14.592, 6.84, 1.55]]
(1.3) pt [9.576, 5.472, 1.55] is in [[14.592, 6.84, 1.55], [14.592, 6.84, 1.55]]
(1.4) pt [10.032, 6.612, 1.55] is in [[13.68, 6.84, 1.55], [13.68, 6.84, 1.55]]
(1.3) pt [10.032, 7.068, 1.55] is in [[13.68, 6.84, 1.55], [13.68, 6.84, 1.55]]
(1.4) pt [10.032, 6.612, 1.55] is in [[14.592, 6.84, 1.55], [14.592, 6.84, 1.55]]
(1.3) pt [10.032, 7.068, 1.55] is in [[14.592, 6.84, 1.55], [14.592, 6.84, 1.55]]
(1.1) pt [12.084, 6.612, 1.35] is in [[15.048, 6.84, 1.35], [15.048, 6.84, 1.35]]
(1.3) pt [3.648, 0.228, 1.55] is in [[12.084, 6.612, 1.55], [12.084, 6.612, 1.55]]
(1.4) pt [15.276, 6.384, 1.55] is in [[12.084, 6.612, 1.55], [12.084, 6.612, 1.55]]
(1.3) pt [15.276, 6.612, 1.55] is in [[12.084, 6.612, 1.55], [12.084, 6.612, 1.55]]
(1.2) pt [14.133909999999998, 6.612, 1.35] is in [[15.048, 6.84, 1.35], [15.048, 6.84, 1.35]]
(1.1) pt [12.084, 6.612, 1.35] is in [[15.048, 6.384, 1.35], [15.048, 6.384, 1.35]]
(1.1) pt [12.084, 6.612, 1.35] is in [[15.276, 6.612, 1.35], [15.276, 6.612, 1.35]]
(1.1) pt [12.084, 6.612, 1.35] is in [[15.048, 6.612, 1.35], [15.048, 6.612, 1.35]]
(1.2) pt [14.133909999999998, 6.612, 1.35] is in [[15.048, 6.384, 1.35], [15.048, 6.384, 1.35]]
(1.2) pt [14.133909999999998, 6.612, 1.35] is in [[15.276, 6.612, 1.35], [15.276, 6.612, 1.35]]
(1.2) pt [14.133909999999998, 6.612, 1.35] is in [[15.048, 6.612, 1.35], [15.048, 6.612, 1.35]]
(1.2) pt [12.084, 6.612, 1.55] is in [[13.68, 6.84, 1.55], [13.68, 6.84, 1.55]]
(1.2) pt [12.084, 6.612, 1.55] is in [[14.592, 6.84, 1.55], [14.592, 6.84, 1.55]]
(1.4) pt [13.68, 6.84, 1.55] is in [[12.084, 6.612, 1.55], [12.084, 6.612, 1.55]]
(1.3) pt [14.8179024, 6.84, 1.55] is in [[12.084, 6.612, 1.55], [12.084, 6.612, 1.55]]
(1.1) pt [14.133909999999998, 6.612, 1.55] is in [[13.68, 6.84, 1.55], [13.68, 6.84, 1.55]]
(1.1) pt [14.133909999999998, 6.612, 1.55] is in [[14.592, 6.84, 1.55], [14.592, 6.84, 1.55]]
(1.1) pt [12.084, 6.612, 1.35] is in [[14.364, 6.84, 1.35], [14.364, 6.84, 1.35]]
(1.4) pt [13.908, 6.156, 1.55] is in [[12.084, 6.612, 1.55], [12.084, 6.612, 1.55]]
(1.3) pt [13.908, 6.156, 1.55] is in [[12.084, 6.612, 1.55], [12.084, 6.612, 1.55]]
(1.2) pt [14.133909999999998, 6.612, 1.35] is in [[14.364, 6.84, 1.35], [14.364, 6.84, 1.35]]
(1.4) pt [3.192, 0.228, 1.55] is in [[12.084, 6.612, 1.55], [12.084, 6.612, 1.55]]
(1.3) pt [3.192, 0.228, 1.55] is in [[12.084, 6.612, 1.55], [12.084, 6.612, 1.55]]
(1.4) pt [7.98, 6.612, 1.55] is in [[12.084, 6.612, 1.55], [12.084, 6.612, 1.55]]
(1.3) pt [8.208, 6.612, 1.55] is in [[12.084, 6.612, 1.55], [12.084, 6.612, 1.55]]
(1.4) pt [9.576, 5.472, 1.55] is in [[12.084, 6.612, 1.55], [12.084, 6.612, 1.55]]
(1.3) pt [9.576, 5.472, 1.55] is in [[12.084, 6.612, 1.55], [12.084, 6.612, 1.55]]
(1.4) pt [10.032, 6.612, 1.55] is in [[12.084, 6.612, 1.55], [12.084, 6.612, 1.55]]
(1.3) pt [10.032, 7.068, 1.55] is in [[12.084, 6.612, 1.55], [12.084, 6.612, 1.55]]
(1.2) pt [13.224, 5.7, 1.95] is in [[3.648, 3.42, 1.95], [3.648, 3.42, 1.95]]
(1.1) pt [13.452, 5.928, 1.95] is in [[3.648, 3.42, 1.95], [3.648, 3.42, 1.95]]
(1.4) pt [3.648, 0.228, 1.75] is in [[13.68, 6.156, 1.75], [13.68, 6.156, 1.75]]
(1.3) pt [3.648, 3.42, 1.75] is in [[13.68, 6.156, 1.75], [13.68, 6.156, 1.75]]
(1.4) pt [15.276, 6.156, 1.75] is in [[13.68, 6.156, 1.75], [13.68, 6.156, 1.75]]
(1.3) pt [15.276, 6.384, 1.75] is in [[13.68, 6.156, 1.75], [13.68, 6.156, 1.75]]
(1.4) pt [3.648, 0.228, 1.75] is in [[13.908, 6.156, 1.75], [13.908, 6.156, 1.75]]
(1.3) pt [3.648, 3.42, 1.75] is in [[13.908, 6.156, 1.75], [13.908, 6.156, 1.75]]
(1.4) pt [15.276, 6.156, 1.75] is in [[13.908, 6.156, 1.75], [13.908, 6.156, 1.75]]
(1.3) pt [15.276, 6.384, 1.75] is in [[13.908, 6.156, 1.75], [13.908, 6.156, 1.75]]
(1.2) pt [13.908, 6.156, 1.35] is in [[15.048, 6.84, 1.35], [15.048, 6.84, 1.35]]
(1.1) pt [13.908, 6.612, 1.35] is in [[15.048, 6.84, 1.35], [15.048, 6.84, 1.35]]
(1.2) pt [14.364, 6.84, 1.35] is in [[15.048, 6.84, 1.35], [15.048, 6.84, 1.35]]
(1.4) pt [15.276, 6.612, 1.35] is in [[14.364, 6.84, 1.35], [14.364, 6.84, 1.35]]
(1.2) pt [13.908, 6.156, 1.35] is in [[15.048, 6.384, 1.35], [15.048, 6.384, 1.35]]
(1.2) pt [13.908, 6.156, 1.35] is in [[15.276, 6.612, 1.35], [15.276, 6.612, 1.35]]
(1.2) pt [13.908, 6.156, 1.35] is in [[15.048, 6.612, 1.35], [15.048, 6.612, 1.35]]
(1.1) pt [13.908, 6.612, 1.35] is in [[15.048, 6.384, 1.35], [15.048, 6.384, 1.35]]
(1.1) pt [13.908, 6.612, 1.35] is in [[15.276, 6.612, 1.35], [15.276, 6.612, 1.35]]
(1.1) pt [13.908, 6.612, 1.35] is in [[15.048, 6.612, 1.35], [15.048, 6.612, 1.35]]
(1.3) pt [15.048, 6.384, 1.1500000000000001] is in [[13.908, 6.612, 1.1500000000000001], [13.908, 6.612, 1.1500000000000001]]
(1.3) pt [15.048, 6.384, 1.1500000000000001] is in [[13.908, 6.84, 1.1500000000000001], [13.908, 6.84, 1.1500000000000001]]
(1.3) pt [15.048, 6.384, 1.1500000000000001] is in [[13.908, 7.068, 1.1500000000000001], [13.908, 7.068, 1.1500000000000001]]
(1.2) pt [14.364, 6.84, 1.35] is in [[15.048, 6.384, 1.35], [15.048, 6.384, 1.35]]
(1.2) pt [14.364, 6.84, 1.35] is in [[15.276, 6.612, 1.35], [15.276, 6.612, 1.35]]
(1.2) pt [14.364, 6.84, 1.35] is in [[15.048, 6.612, 1.35], [15.048, 6.612, 1.35]]
(1.4) pt [15.048, 6.384, 1.35] is in [[14.364, 6.84, 1.35], [14.364, 6.84, 1.35]]
(1.4) pt [11.4, 3.42, 1.1500000000000001] is in [[13.908, 6.612, 1.1500000000000001], [13.908, 6.612, 1.1500000000000001]]
(1.3) pt [11.628, 3.42, 1.1500000000000001] is in [[13.908, 6.612, 1.1500000000000001], [13.908, 6.612, 1.1500000000000001]]
(1.4) pt [11.4, 3.42, 1.1500000000000001] is in [[13.908, 6.84, 1.1500000000000001], [13.908, 6.84, 1.1500000000000001]]
(1.3) pt [11.628, 3.42, 1.1500000000000001] is in [[13.908, 6.84, 1.1500000000000001], [13.908, 6.84, 1.1500000000000001]]
(1.4) pt [11.4, 3.42, 1.1500000000000001] is in [[13.908, 7.068, 1.1500000000000001], [13.908, 7.068, 1.1500000000000001]]
(1.3) pt [11.628, 3.42, 1.1500000000000001] is in [[13.908, 7.068, 1.1500000000000001], [13.908, 7.068, 1.1500000000000001]]
(1.3) pt [11.4, 3.42, 1.35] is in [[14.364, 6.84, 1.35], [14.364, 6.84, 1.35]]
(1.4) pt [14.136, 7.296, 1.1500000000000001] is in [[13.908, 6.612, 1.1500000000000001], [13.908, 6.612, 1.1500000000000001]]
(1.3) pt [14.136, 7.524, 1.1500000000000001] is in [[13.908, 6.612, 1.1500000000000001], [13.908, 6.612, 1.1500000000000001]]
(1.4) pt [14.136, 7.296, 1.1500000000000001] is in [[13.908, 6.84, 1.1500000000000001], [13.908, 6.84, 1.1500000000000001]]
(1.3) pt [14.136, 7.524, 1.1500000000000001] is in [[13.908, 6.84, 1.1500000000000001], [13.908, 6.84, 1.1500000000000001]]
(1.4) pt [14.136, 7.296, 1.1500000000000001] is in [[13.908, 7.068, 1.1500000000000001], [13.908, 7.068, 1.1500000000000001]]
(1.3) pt [14.136, 7.524, 1.1500000000000001] is in [[13.908, 7.068, 1.1500000000000001], [13.908, 7.068, 1.1500000000000001]]
(1.3) pt [14.136, 7.296, 1.35] is in [[14.364, 6.84, 1.35], [14.364, 6.84, 1.35]]
(1.2) pt [13.908, 6.156, 1.55] is in [[13.68, 6.84, 1.55], [13.68, 6.84, 1.55]]
(1.2) pt [13.908, 6.156, 1.55] is in [[14.592, 6.84, 1.55], [14.592, 6.84, 1.55]]
(1.1) pt [13.908, 6.156, 1.55] is in [[13.68, 6.84, 1.55], [13.68, 6.84, 1.55]]
(1.1) pt [13.908, 6.156, 1.55] is in [[14.592, 6.84, 1.55], [14.592, 6.84, 1.55]]
(1.3) pt [13.68, 6.84, 1.35] is in [[14.364, 6.84, 1.35], [14.364, 6.84, 1.35]]
(1.4) pt [14.8179024, 6.84, 1.35] is in [[14.364, 6.84, 1.35], [14.364, 6.84, 1.35]]
(1.2) pt [13.908, 6.156, 1.55] is in [[12.084, 6.612, 1.55], [12.084, 6.612, 1.55]]
(1.1) pt [13.908, 6.156, 1.55] is in [[12.084, 6.612, 1.55], [12.084, 6.612, 1.55]]
(1.3) pt [12.084, 6.612, 1.35] is in [[14.364, 6.84, 1.35], [14.364, 6.84, 1.35]]
(1.4) pt [14.133909999999998, 6.612, 1.35] is in [[14.364, 6.84, 1.35], [14.364, 6.84, 1.35]]
(1.2) pt [13.452, 5.928, 1.75] is in [[3.192, 0.228, 1.75], [3.192, 0.228, 1.75]]
(1.4) pt [3.42, 0.456, 1.75] is in [[13.68, 6.156, 1.75], [13.68, 6.156, 1.75]]
(1.3) pt [3.192, 0.228, 1.75] is in [[13.68, 6.156, 1.75], [13.68, 6.156, 1.75]]
(1.4) pt [3.42, 0.456, 1.75] is in [[13.908, 6.156, 1.75], [13.908, 6.156, 1.75]]
(1.3) pt [3.192, 0.228, 1.75] is in [[13.908, 6.156, 1.75], [13.908, 6.156, 1.75]]
(1.1) pt [13.908, 6.156, 1.75] is in [[3.192, 0.228, 1.75], [3.192, 0.228, 1.75]]
(1.4) pt [3.192, 0.228, 1.1500000000000001] is in [[13.908, 6.612, 1.1500000000000001], [13.908, 6.612, 1.1500000000000001]]
(1.3) pt [3.192, 0.228, 1.1500000000000001] is in [[13.908, 6.612, 1.1500000000000001], [13.908, 6.612, 1.1500000000000001]]
(1.4) pt [3.192, 0.228, 1.1500000000000001] is in [[13.908, 6.84, 1.1500000000000001], [13.908, 6.84, 1.1500000000000001]]
(1.3) pt [3.192, 0.228, 1.1500000000000001] is in [[13.908, 6.84, 1.1500000000000001], [13.908, 6.84, 1.1500000000000001]]
(1.4) pt [3.192, 0.228, 1.1500000000000001] is in [[13.908, 7.068, 1.1500000000000001], [13.908, 7.068, 1.1500000000000001]]
(1.3) pt [3.192, 0.228, 1.1500000000000001] is in [[13.908, 7.068, 1.1500000000000001], [13.908, 7.068, 1.1500000000000001]]
(1.4) pt [3.192, 0.228, 1.35] is in [[14.364, 6.84, 1.35], [14.364, 6.84, 1.35]]
(1.3) pt [3.192, 0.228, 1.35] is in [[14.364, 6.84, 1.35], [14.364, 6.84, 1.35]]
(1.2) pt [12.996, 5.7, 2.15] is in [[8.664, 6.612, 2.15], [8.664, 6.612, 2.15]]
(1.2) pt [12.996, 5.7, 2.15] is in [[8.664, 6.612, 2.15], [8.664, 6.612, 2.15]]
(1.1) pt [13.224, 5.7, 2.15] is in [[8.664, 6.612, 2.15], [8.664, 6.612, 2.15]]
(1.1) pt [13.224, 5.7, 2.15] is in [[8.664, 6.612, 2.15], [8.664, 6.612, 2.15]]
(1.4) pt [8.208, 6.612, 1.75] is in [[13.68, 6.156, 1.75], [13.68, 6.156, 1.75]]
(1.3) pt [8.436, 6.612, 1.75] is in [[13.68, 6.156, 1.75], [13.68, 6.156, 1.75]]
(1.4) pt [8.208, 6.612, 1.75] is in [[13.908, 6.156, 1.75], [13.908, 6.156, 1.75]]
(1.3) pt [8.436, 6.612, 1.75] is in [[13.908, 6.156, 1.75], [13.908, 6.156, 1.75]]
(1.4) pt [7.524, 6.612, 1.1500000000000001] is in [[13.908, 6.612, 1.1500000000000001], [13.908, 6.612, 1.1500000000000001]]
(1.3) pt [7.752, 6.612, 1.1500000000000001] is in [[13.908, 6.612, 1.1500000000000001], [13.908, 6.612, 1.1500000000000001]]
(1.4) pt [7.524, 6.612, 1.1500000000000001] is in [[13.908, 6.84, 1.1500000000000001], [13.908, 6.84, 1.1500000000000001]]
(1.3) pt [7.752, 6.612, 1.1500000000000001] is in [[13.908, 6.84, 1.1500000000000001], [13.908, 6.84, 1.1500000000000001]]
(1.4) pt [7.524, 6.612, 1.1500000000000001] is in [[13.908, 7.068, 1.1500000000000001], [13.908, 7.068, 1.1500000000000001]]
(1.3) pt [7.752, 6.612, 1.1500000000000001] is in [[13.908, 7.068, 1.1500000000000001], [13.908, 7.068, 1.1500000000000001]]
(1.4) pt [7.752, 6.612, 1.35] is in [[14.364, 6.84, 1.35], [14.364, 6.84, 1.35]]
(1.3) pt [7.98, 6.612, 1.35] is in [[14.364, 6.84, 1.35], [14.364, 6.84, 1.35]]
(1.2) pt [13.452, 5.928, 1.75] is in [[9.348, 5.472, 1.75], [9.348, 5.472, 1.75]]
(1.2) pt [13.452, 5.928, 1.75] is in [[9.576, 5.472, 1.75], [9.576, 5.472, 1.75]]
(1.4) pt [9.348, 5.244, 1.75] is in [[13.68, 6.156, 1.75], [13.68, 6.156, 1.75]]
(1.3) pt [9.576, 5.472, 1.75] is in [[13.68, 6.156, 1.75], [13.68, 6.156, 1.75]]
(1.4) pt [9.348, 5.244, 1.75] is in [[13.908, 6.156, 1.75], [13.908, 6.156, 1.75]]
(1.3) pt [9.576, 5.472, 1.75] is in [[13.908, 6.156, 1.75], [13.908, 6.156, 1.75]]
(1.1) pt [13.908, 6.156, 1.75] is in [[9.348, 5.472, 1.75], [9.348, 5.472, 1.75]]
(1.1) pt [13.908, 6.156, 1.75] is in [[9.576, 5.472, 1.75], [9.576, 5.472, 1.75]]
(1.4) pt [9.576, 5.472, 1.1500000000000001] is in [[13.908, 6.612, 1.1500000000000001], [13.908, 6.612, 1.1500000000000001]]
(1.3) pt [9.576, 5.7, 1.1500000000000001] is in [[13.908, 6.612, 1.1500000000000001], [13.908, 6.612, 1.1500000000000001]]
(1.4) pt [9.576, 5.472, 1.1500000000000001] is in [[13.908, 6.84, 1.1500000000000001], [13.908, 6.84, 1.1500000000000001]]
(1.3) pt [9.576, 5.7, 1.1500000000000001] is in [[13.908, 6.84, 1.1500000000000001], [13.908, 6.84, 1.1500000000000001]]
(1.4) pt [9.576, 5.472, 1.1500000000000001] is in [[13.908, 7.068, 1.1500000000000001], [13.908, 7.068, 1.1500000000000001]]
(1.3) pt [9.576, 5.7, 1.1500000000000001] is in [[13.908, 7.068, 1.1500000000000001], [13.908, 7.068, 1.1500000000000001]]
(1.4) pt [9.576, 5.472, 1.35] is in [[14.364, 6.84, 1.35], [14.364, 6.84, 1.35]]
(1.3) pt [9.576, 5.472, 1.35] is in [[14.364, 6.84, 1.35], [14.364, 6.84, 1.35]]
(1.4) pt [10.032, 6.384, 1.75] is in [[13.68, 6.156, 1.75], [13.68, 6.156, 1.75]]
(1.3) pt [10.032, 6.612, 1.75] is in [[13.68, 6.156, 1.75], [13.68, 6.156, 1.75]]
(1.4) pt [10.032, 6.384, 1.75] is in [[13.908, 6.156, 1.75], [13.908, 6.156, 1.75]]
(1.3) pt [10.032, 6.612, 1.75] is in [[13.908, 6.156, 1.75], [13.908, 6.156, 1.75]]
(1.4) pt [10.032, 7.068, 1.1500000000000001] is in [[13.908, 6.612, 1.1500000000000001], [13.908, 6.612, 1.1500000000000001]]
(1.3) pt [10.032, 7.524, 1.1500000000000001] is in [[13.908, 6.612, 1.1500000000000001], [13.908, 6.612, 1.1500000000000001]]
(1.4) pt [10.032, 7.068, 1.1500000000000001] is in [[13.908, 6.84, 1.1500000000000001], [13.908, 6.84, 1.1500000000000001]]
(1.3) pt [10.032, 7.524, 1.1500000000000001] is in [[13.908, 6.84, 1.1500000000000001], [13.908, 6.84, 1.1500000000000001]]
(1.4) pt [10.032, 7.068, 1.1500000000000001] is in [[13.908, 7.068, 1.1500000000000001], [13.908, 7.068, 1.1500000000000001]]
(1.3) pt [10.032, 7.524, 1.1500000000000001] is in [[13.908, 7.068, 1.1500000000000001], [13.908, 7.068, 1.1500000000000001]]
(1.4) pt [10.032, 7.068, 1.35] is in [[14.364, 6.84, 1.35], [14.364, 6.84, 1.35]]
(1.3) pt [10.032, 7.068, 1.35] is in [[14.364, 6.84, 1.35], [14.364, 6.84, 1.35]]
(1.2) pt [3.648, 0.684, 1.95] is in [[3.648, 3.42, 1.95], [3.648, 3.42, 1.95]]
(1.1) pt [3.42, 0.456, 1.95] is in [[3.648, 3.42, 1.95], [3.648, 3.42, 1.95]]
(1.4) pt [3.648, 0.228, 1.75] is in [[3.192, 0.228, 1.75], [3.192, 0.228, 1.75]]
(1.3) pt [3.648, 3.42, 1.75] is in [[3.192, 0.228, 1.75], [3.192, 0.228, 1.75]]
(1.4) pt [15.276, 6.156, 1.75] is in [[3.192, 0.228, 1.75], [3.192, 0.228, 1.75]]
(1.3) pt [15.276, 6.384, 1.75] is in [[3.192, 0.228, 1.75], [3.192, 0.228, 1.75]]
(1.2) pt [3.192, 0.228, 1.35] is in [[15.048, 6.84, 1.35], [15.048, 6.84, 1.35]]
(1.1) pt [3.192, 0.228, 1.35] is in [[15.048, 6.84, 1.35], [15.048, 6.84, 1.35]]
(1.2) pt [3.192, 0.228, 1.35] is in [[15.048, 6.384, 1.35], [15.048, 6.384, 1.35]]
(1.2) pt [3.192, 0.228, 1.35] is in [[15.276, 6.612, 1.35], [15.276, 6.612, 1.35]]
(1.2) pt [3.192, 0.228, 1.35] is in [[15.048, 6.612, 1.35], [15.048, 6.612, 1.35]]
(1.1) pt [3.192, 0.228, 1.35] is in [[15.048, 6.384, 1.35], [15.048, 6.384, 1.35]]
(1.1) pt [3.192, 0.228, 1.35] is in [[15.276, 6.612, 1.35], [15.276, 6.612, 1.35]]
(1.1) pt [3.192, 0.228, 1.35] is in [[15.048, 6.612, 1.35], [15.048, 6.612, 1.35]]
(1.2) pt [3.192, 0.228, 0.9500000000000001] is in [[11.856, 3.42, 0.9500000000000001], [11.856, 3.42, 0.9500000000000001]]
(1.2) pt [3.192, 0.228, 0.9500000000000001] is in [[12.084, 3.42, 0.9500000000000001], [12.084, 3.42, 0.9500000000000001]]
(1.1) pt [3.192, 0.228, 0.9500000000000001] is in [[11.856, 3.42, 0.9500000000000001], [11.856, 3.42, 0.9500000000000001]]
(1.1) pt [3.192, 0.228, 0.9500000000000001] is in [[12.084, 3.42, 0.9500000000000001], [12.084, 3.42, 0.9500000000000001]]
(1.2) pt [3.42, 0.228, 0.9500000000000001] is in [[11.856, 3.42, 0.9500000000000001], [11.856, 3.42, 0.9500000000000001]]
(1.2) pt [3.42, 0.228, 0.9500000000000001] is in [[12.084, 3.42, 0.9500000000000001], [12.084, 3.42, 0.9500000000000001]]
(1.2) pt [3.192, 0.228, 0.9500000000000001] is in [[14.136, 7.752, 0.9500000000000001], [14.136, 7.752, 0.9500000000000001]]
(1.2) pt [3.192, 0.228, 0.9500000000000001] is in [[14.136, 7.98, 0.9500000000000001], [14.136, 7.98, 0.9500000000000001]]
(1.1) pt [3.192, 0.228, 0.9500000000000001] is in [[14.136, 7.752, 0.9500000000000001], [14.136, 7.752, 0.9500000000000001]]
(1.1) pt [3.192, 0.228, 0.9500000000000001] is in [[14.136, 7.98, 0.9500000000000001], [14.136, 7.98, 0.9500000000000001]]
(1.2) pt [3.42, 0.228, 0.9500000000000001] is in [[14.136, 7.752, 0.9500000000000001], [14.136, 7.752, 0.9500000000000001]]
(1.2) pt [3.42, 0.228, 0.9500000000000001] is in [[14.136, 7.98, 0.9500000000000001], [14.136, 7.98, 0.9500000000000001]]
(1.2) pt [3.192, 0.228, 1.55] is in [[13.68, 6.84, 1.55], [13.68, 6.84, 1.55]]
(1.2) pt [3.192, 0.228, 1.55] is in [[14.592, 6.84, 1.55], [14.592, 6.84, 1.55]]
(1.1) pt [3.192, 0.228, 1.55] is in [[13.68, 6.84, 1.55], [13.68, 6.84, 1.55]]
(1.1) pt [3.192, 0.228, 1.55] is in [[14.592, 6.84, 1.55], [14.592, 6.84, 1.55]]
(1.2) pt [3.192, 0.228, 1.55] is in [[12.084, 6.612, 1.55], [12.084, 6.612, 1.55]]
(1.1) pt [3.192, 0.228, 1.55] is in [[12.084, 6.612, 1.55], [12.084, 6.612, 1.55]]
(1.2) pt [3.42, 0.456, 1.75] is in [[13.68, 6.156, 1.75], [13.68, 6.156, 1.75]]
(1.2) pt [3.42, 0.456, 1.75] is in [[13.908, 6.156, 1.75], [13.908, 6.156, 1.75]]
(1.4) pt [13.452, 5.928, 1.75] is in [[3.192, 0.228, 1.75], [3.192, 0.228, 1.75]]
(1.3) pt [13.908, 6.156, 1.75] is in [[3.192, 0.228, 1.75], [3.192, 0.228, 1.75]]
(1.1) pt [3.192, 0.228, 1.75] is in [[13.68, 6.156, 1.75], [13.68, 6.156, 1.75]]
(1.1) pt [3.192, 0.228, 1.75] is in [[13.908, 6.156, 1.75], [13.908, 6.156, 1.75]]
(1.2) pt [3.192, 0.228, 1.35] is in [[14.364, 6.84, 1.35], [14.364, 6.84, 1.35]]
(1.2) pt [3.192, 0.228, 1.1500000000000001] is in [[13.908, 6.612, 1.1500000000000001], [13.908, 6.612, 1.1500000000000001]]
(1.2) pt [3.192, 0.228, 1.1500000000000001] is in [[13.908, 6.84, 1.1500000000000001], [13.908, 6.84, 1.1500000000000001]]
(1.2) pt [3.192, 0.228, 1.1500000000000001] is in [[13.908, 7.068, 1.1500000000000001], [13.908, 7.068, 1.1500000000000001]]
(1.1) pt [3.192, 0.228, 1.35] is in [[14.364, 6.84, 1.35], [14.364, 6.84, 1.35]]
(1.1) pt [3.192, 0.228, 1.1500000000000001] is in [[13.908, 6.612, 1.1500000000000001], [13.908, 6.612, 1.1500000000000001]]
(1.1) pt [3.192, 0.228, 1.1500000000000001] is in [[13.908, 6.84, 1.1500000000000001], [13.908, 6.84, 1.1500000000000001]]
(1.1) pt [3.192, 0.228, 1.1500000000000001] is in [[13.908, 7.068, 1.1500000000000001], [13.908, 7.068, 1.1500000000000001]]
(1.2) pt [3.876, 0.912, 2.15] is in [[8.664, 6.612, 2.15], [8.664, 6.612, 2.15]]
(1.2) pt [3.876, 0.912, 2.15] is in [[8.664, 6.612, 2.15], [8.664, 6.612, 2.15]]
(1.1) pt [3.648, 0.684, 2.15] is in [[8.664, 6.612, 2.15], [8.664, 6.612, 2.15]]
(1.1) pt [3.648, 0.684, 2.15] is in [[8.664, 6.612, 2.15], [8.664, 6.612, 2.15]]
(1.4) pt [8.208, 6.612, 1.75] is in [[3.192, 0.228, 1.75], [3.192, 0.228, 1.75]]
(1.3) pt [8.436, 6.612, 1.75] is in [[3.192, 0.228, 1.75], [3.192, 0.228, 1.75]]
(1.2) pt [3.192, 0.228, 0.75] is in [[0.456, 6.384, 0.75], [0.456, 6.384, 0.75]]
(1.1) pt [3.42, 0.228, 0.75] is in [[0.456, 6.384, 0.75], [0.456, 6.384, 0.75]]
(1.2) pt [3.42, 0.456, 1.75] is in [[9.348, 5.472, 1.75], [9.348, 5.472, 1.75]]
(1.2) pt [3.42, 0.456, 1.75] is in [[9.576, 5.472, 1.75], [9.576, 5.472, 1.75]]
(1.4) pt [9.348, 5.244, 1.75] is in [[3.192, 0.228, 1.75], [3.192, 0.228, 1.75]]
(1.3) pt [9.576, 5.472, 1.75] is in [[3.192, 0.228, 1.75], [3.192, 0.228, 1.75]]
(1.1) pt [3.192, 0.228, 1.75] is in [[9.348, 5.472, 1.75], [9.348, 5.472, 1.75]]
(1.1) pt [3.192, 0.228, 1.75] is in [[9.576, 5.472, 1.75], [9.576, 5.472, 1.75]]
(1.2) pt [3.192, 0.228, 0.9500000000000001] is in [[9.576, 5.928, 0.9500000000000001], [9.576, 5.928, 0.9500000000000001]]
(1.1) pt [3.192, 0.228, 0.9500000000000001] is in [[9.576, 5.928, 0.9500000000000001], [9.576, 5.928, 0.9500000000000001]]
(1.2) pt [3.42, 0.228, 0.9500000000000001] is in [[9.576, 5.928, 0.9500000000000001], [9.576, 5.928, 0.9500000000000001]]
(1.4) pt [10.032, 6.384, 1.75] is in [[3.192, 0.228, 1.75], [3.192, 0.228, 1.75]]
(1.3) pt [10.032, 6.612, 1.75] is in [[3.192, 0.228, 1.75], [3.192, 0.228, 1.75]]
(1.2) pt [3.192, 0.228, 0.9500000000000001] is in [[10.032, 7.524, 0.9500000000000001], [10.032, 7.524, 0.9500000000000001]]
(1.2) pt [3.192, 0.228, 0.9500000000000001] is in [[11.856, 7.98, 0.9500000000000001], [11.856, 7.98, 0.9500000000000001]]
(1.1) pt [3.192, 0.228, 0.9500000000000001] is in [[10.032, 7.524, 0.9500000000000001], [10.032, 7.524, 0.9500000000000001]]
(1.2) pt [3.192, 0.228, 0.75] is in [[10.032, 7.98, 0.75], [10.032, 7.98, 0.75]]
(1.1) pt [3.192, 0.228, 0.9500000000000001] is in [[11.856, 7.98, 0.9500000000000001], [11.856, 7.98, 0.9500000000000001]]
(1.2) pt [3.42, 0.228, 0.9500000000000001] is in [[10.032, 7.524, 0.9500000000000001], [10.032, 7.524, 0.9500000000000001]]
(1.1) pt [3.42, 0.228, 0.75] is in [[10.032, 7.98, 0.75], [10.032, 7.98, 0.75]]
(1.2) pt [3.42, 0.228, 0.9500000000000001] is in [[11.856, 7.98, 0.9500000000000001], [11.856, 7.98, 0.9500000000000001]]
(1.2) pt [7.752, 6.612, 1.35] is in [[15.048, 6.84, 1.35], [15.048, 6.84, 1.35]]
(1.1) pt [7.98, 6.612, 1.35] is in [[15.048, 6.84, 1.35], [15.048, 6.84, 1.35]]
(1.2) pt [8.436, 6.612, 1.95] is in [[3.648, 3.42, 1.95], [3.648, 3.42, 1.95]]
(1.1) pt [8.664, 6.612, 1.95] is in [[3.648, 3.42, 1.95], [3.648, 3.42, 1.95]]
(1.2) pt [7.752, 6.612, 1.35] is in [[15.048, 6.384, 1.35], [15.048, 6.384, 1.35]]
(1.2) pt [7.752, 6.612, 1.35] is in [[15.276, 6.612, 1.35], [15.276, 6.612, 1.35]]
(1.2) pt [7.752, 6.612, 1.35] is in [[15.048, 6.612, 1.35], [15.048, 6.612, 1.35]]
(1.1) pt [7.98, 6.612, 1.35] is in [[15.048, 6.384, 1.35], [15.048, 6.384, 1.35]]
(1.1) pt [7.98, 6.612, 1.35] is in [[15.276, 6.612, 1.35], [15.276, 6.612, 1.35]]
(1.1) pt [7.98, 6.612, 1.35] is in [[15.048, 6.612, 1.35], [15.048, 6.612, 1.35]]
(1.1) pt [0.228, 6.156, 0.9500000000000001] is in [[11.856, 3.42, 0.9500000000000001], [11.856, 3.42, 0.9500000000000001]]
(1.1) pt [0.228, 6.156, 0.9500000000000001] is in [[12.084, 3.42, 0.9500000000000001], [12.084, 3.42, 0.9500000000000001]]
(1.4) pt [12.312, 7.296, 0.75] is in [[0.456, 6.384, 0.75], [0.456, 6.384, 0.75]]
(1.2) pt [0.456, 6.384, 0.9500000000000001] is in [[11.856, 3.42, 0.9500000000000001], [11.856, 3.42, 0.9500000000000001]]
(1.2) pt [0.456, 6.384, 0.9500000000000001] is in [[12.084, 3.42, 0.9500000000000001], [12.084, 3.42, 0.9500000000000001]]
(1.1) pt [7.524, 6.612, 0.9500000000000001] is in [[11.856, 3.42, 0.9500000000000001], [11.856, 3.42, 0.9500000000000001]]
(1.1) pt [7.524, 6.612, 0.9500000000000001] is in [[12.084, 3.42, 0.9500000000000001], [12.084, 3.42, 0.9500000000000001]]
(1.1) pt [0.228, 6.156, 0.9500000000000001] is in [[14.136, 7.752, 0.9500000000000001], [14.136, 7.752, 0.9500000000000001]]
(1.1) pt [0.228, 6.156, 0.9500000000000001] is in [[14.136, 7.98, 0.9500000000000001], [14.136, 7.98, 0.9500000000000001]]
(1.4) pt [14.136, 8.208, 0.75] is in [[0.456, 6.384, 0.75], [0.456, 6.384, 0.75]]
(1.2) pt [0.456, 6.384, 0.9500000000000001] is in [[14.136, 7.752, 0.9500000000000001], [14.136, 7.752, 0.9500000000000001]]
(1.2) pt [0.456, 6.384, 0.9500000000000001] is in [[14.136, 7.98, 0.9500000000000001], [14.136, 7.98, 0.9500000000000001]]
(1.1) pt [7.524, 6.612, 0.9500000000000001] is in [[14.136, 7.752, 0.9500000000000001], [14.136, 7.752, 0.9500000000000001]]
(1.1) pt [7.524, 6.612, 0.9500000000000001] is in [[14.136, 7.98, 0.9500000000000001], [14.136, 7.98, 0.9500000000000001]]
(1.2) pt [7.98, 6.612, 1.55] is in [[13.68, 6.84, 1.55], [13.68, 6.84, 1.55]]
(1.2) pt [7.98, 6.612, 1.55] is in [[14.592, 6.84, 1.55], [14.592, 6.84, 1.55]]
(1.1) pt [8.208, 6.612, 1.55] is in [[13.68, 6.84, 1.55], [13.68, 6.84, 1.55]]
(1.1) pt [8.208, 6.612, 1.55] is in [[14.592, 6.84, 1.55], [14.592, 6.84, 1.55]]
(1.2) pt [7.98, 6.612, 1.55] is in [[12.084, 6.612, 1.55], [12.084, 6.612, 1.55]]
(1.1) pt [8.208, 6.612, 1.55] is in [[12.084, 6.612, 1.55], [12.084, 6.612, 1.55]]
(1.2) pt [7.524, 6.612, 1.1500000000000001] is in [[13.908, 6.612, 1.1500000000000001], [13.908, 6.612, 1.1500000000000001]]
(1.2) pt [7.524, 6.612, 1.1500000000000001] is in [[13.908, 6.84, 1.1500000000000001], [13.908, 6.84, 1.1500000000000001]]
(1.2) pt [7.524, 6.612, 1.1500000000000001] is in [[13.908, 7.068, 1.1500000000000001], [13.908, 7.068, 1.1500000000000001]]
(1.1) pt [7.752, 6.612, 1.1500000000000001] is in [[13.908, 6.612, 1.1500000000000001], [13.908, 6.612, 1.1500000000000001]]
(1.1) pt [7.752, 6.612, 1.1500000000000001] is in [[13.908, 6.84, 1.1500000000000001], [13.908, 6.84, 1.1500000000000001]]
(1.1) pt [7.752, 6.612, 1.1500000000000001] is in [[13.908, 7.068, 1.1500000000000001], [13.908, 7.068, 1.1500000000000001]]
(1.2) pt [7.752, 6.612, 1.35] is in [[14.364, 6.84, 1.35], [14.364, 6.84, 1.35]]
(1.1) pt [7.98, 6.612, 1.35] is in [[14.364, 6.84, 1.35], [14.364, 6.84, 1.35]]
(1.2) pt [8.208, 6.612, 1.75] is in [[13.68, 6.156, 1.75], [13.68, 6.156, 1.75]]
(1.2) pt [8.208, 6.612, 1.75] is in [[13.908, 6.156, 1.75], [13.908, 6.156, 1.75]]
(1.1) pt [8.436, 6.612, 1.75] is in [[13.68, 6.156, 1.75], [13.68, 6.156, 1.75]]
(1.1) pt [8.436, 6.612, 1.75] is in [[13.908, 6.156, 1.75], [13.908, 6.156, 1.75]]
(1.4) pt [12.996, 5.7, 2.15] is in [[8.664, 6.612, 2.15], [8.664, 6.612, 2.15]]
(1.3) pt [13.224, 5.7, 2.15] is in [[8.664, 6.612, 2.15], [8.664, 6.612, 2.15]]
(1.4) pt [12.996, 5.7, 2.15] is in [[8.664, 6.612, 2.15], [8.664, 6.612, 2.15]]
(1.3) pt [13.224, 5.7, 2.15] is in [[8.664, 6.612, 2.15], [8.664, 6.612, 2.15]]
(1.4) pt [3.192, 0.228, 0.75] is in [[0.456, 6.384, 0.75], [0.456, 6.384, 0.75]]
(1.3) pt [3.42, 0.228, 0.75] is in [[0.456, 6.384, 0.75], [0.456, 6.384, 0.75]]
(1.2) pt [8.208, 6.612, 1.75] is in [[3.192, 0.228, 1.75], [3.192, 0.228, 1.75]]
(1.1) pt [8.436, 6.612, 1.75] is in [[3.192, 0.228, 1.75], [3.192, 0.228, 1.75]]
(1.4) pt [3.876, 0.912, 2.15] is in [[8.664, 6.612, 2.15], [8.664, 6.612, 2.15]]
(1.3) pt [3.648, 0.684, 2.15] is in [[8.664, 6.612, 2.15], [8.664, 6.612, 2.15]]
(1.4) pt [3.876, 0.912, 2.15] is in [[8.664, 6.612, 2.15], [8.664, 6.612, 2.15]]
(1.3) pt [3.648, 0.684, 2.15] is in [[8.664, 6.612, 2.15], [8.664, 6.612, 2.15]]
(1.1) pt [0.228, 6.156, 0.9500000000000001] is in [[9.576, 5.928, 0.9500000000000001], [9.576, 5.928, 0.9500000000000001]]
(1.4) pt [9.576, 6.156, 0.75] is in [[0.456, 6.384, 0.75], [0.456, 6.384, 0.75]]
(1.2) pt [0.456, 6.384, 0.9500000000000001] is in [[9.576, 5.928, 0.9500000000000001], [9.576, 5.928, 0.9500000000000001]]
(1.1) pt [7.524, 6.612, 0.9500000000000001] is in [[9.576, 5.928, 0.9500000000000001], [9.576, 5.928, 0.9500000000000001]]
(1.2) pt [8.208, 6.612, 1.75] is in [[9.348, 5.472, 1.75], [9.348, 5.472, 1.75]]
(1.2) pt [8.208, 6.612, 1.75] is in [[9.576, 5.472, 1.75], [9.576, 5.472, 1.75]]
(1.1) pt [8.436, 6.612, 1.75] is in [[9.348, 5.472, 1.75], [9.348, 5.472, 1.75]]
(1.1) pt [8.436, 6.612, 1.75] is in [[9.576, 5.472, 1.75], [9.576, 5.472, 1.75]]
(1.4) pt [9.348, 5.016, 2.15] is in [[8.664, 6.612, 2.15], [8.664, 6.612, 2.15]]
(1.3) pt [9.348, 5.016, 2.15] is in [[8.664, 6.612, 2.15], [8.664, 6.612, 2.15]]
(1.4) pt [9.348, 5.016, 2.15] is in [[8.664, 6.612, 2.15], [8.664, 6.612, 2.15]]
(1.3) pt [9.348, 5.016, 2.15] is in [[8.664, 6.612, 2.15], [8.664, 6.612, 2.15]]
(1.1) pt [0.228, 6.156, 0.9500000000000001] is in [[10.032, 7.524, 0.9500000000000001], [10.032, 7.524, 0.9500000000000001]]
(1.2) pt [0.228, 6.156, 0.75] is in [[10.032, 7.98, 0.75], [10.032, 7.98, 0.75]]
(1.1) pt [0.228, 6.156, 0.9500000000000001] is in [[11.856, 7.98, 0.9500000000000001], [11.856, 7.98, 0.9500000000000001]]
(1.4) pt [10.032, 7.98, 0.75] is in [[0.456, 6.384, 0.75], [0.456, 6.384, 0.75]]
(1.3) pt [11.628, 7.98, 0.75] is in [[0.456, 6.384, 0.75], [0.456, 6.384, 0.75]]
(1.4) pt [11.856, 7.98, 0.75] is in [[0.456, 6.384, 0.75], [0.456, 6.384, 0.75]]
(1.2) pt [0.456, 6.384, 0.9500000000000001] is in [[10.032, 7.524, 0.9500000000000001], [10.032, 7.524, 0.9500000000000001]]
(1.1) pt [0.456, 6.384, 0.75] is in [[10.032, 7.98, 0.75], [10.032, 7.98, 0.75]]
(1.2) pt [0.456, 6.384, 0.9500000000000001] is in [[11.856, 7.98, 0.9500000000000001], [11.856, 7.98, 0.9500000000000001]]
(1.1) pt [7.524, 6.612, 0.9500000000000001] is in [[10.032, 7.524, 0.9500000000000001], [10.032, 7.524, 0.9500000000000001]]
(1.1) pt [7.524, 6.612, 0.9500000000000001] is in [[11.856, 7.98, 0.9500000000000001], [11.856, 7.98, 0.9500000000000001]]
(1.4) pt [10.032, 5.928, 2.15] is in [[8.664, 6.612, 2.15], [8.664, 6.612, 2.15]]
(1.3) pt [10.032, 6.156, 2.15] is in [[8.664, 6.612, 2.15], [8.664, 6.612, 2.15]]
(1.4) pt [10.032, 5.928, 2.15] is in [[8.664, 6.612, 2.15], [8.664, 6.612, 2.15]]
(1.3) pt [10.032, 6.156, 2.15] is in [[8.664, 6.612, 2.15], [8.664, 6.612, 2.15]]
(1.2) pt [9.348, 5.016, 1.95] is in [[3.648, 3.42, 1.95], [3.648, 3.42, 1.95]]
(1.1) pt [9.348, 5.244, 1.95] is in [[3.648, 3.42, 1.95], [3.648, 3.42, 1.95]]
(1.4) pt [3.648, 0.228, 1.75] is in [[9.348, 5.472, 1.75], [9.348, 5.472, 1.75]]
(1.3) pt [3.648, 3.42, 1.75] is in [[9.348, 5.472, 1.75], [9.348, 5.472, 1.75]]
(1.4) pt [15.276, 6.156, 1.75] is in [[9.348, 5.472, 1.75], [9.348, 5.472, 1.75]]
(1.3) pt [15.276, 6.384, 1.75] is in [[9.348, 5.472, 1.75], [9.348, 5.472, 1.75]]
(1.4) pt [3.648, 0.228, 1.75] is in [[9.576, 5.472, 1.75], [9.576, 5.472, 1.75]]
(1.3) pt [3.648, 3.42, 1.75] is in [[9.576, 5.472, 1.75], [9.576, 5.472, 1.75]]
(1.4) pt [15.276, 6.156, 1.75] is in [[9.576, 5.472, 1.75], [9.576, 5.472, 1.75]]
(1.3) pt [15.276, 6.384, 1.75] is in [[9.576, 5.472, 1.75], [9.576, 5.472, 1.75]]
(1.2) pt [9.576, 5.472, 1.35] is in [[15.048, 6.84, 1.35], [15.048, 6.84, 1.35]]
(1.1) pt [9.576, 5.472, 1.35] is in [[15.048, 6.84, 1.35], [15.048, 6.84, 1.35]]
(1.2) pt [9.576, 5.472, 1.35] is in [[15.048, 6.384, 1.35], [15.048, 6.384, 1.35]]
(1.2) pt [9.576, 5.472, 1.35] is in [[15.276, 6.612, 1.35], [15.276, 6.612, 1.35]]
(1.2) pt [9.576, 5.472, 1.35] is in [[15.048, 6.612, 1.35], [15.048, 6.612, 1.35]]
(1.1) pt [9.576, 5.472, 1.35] is in [[15.048, 6.384, 1.35], [15.048, 6.384, 1.35]]
(1.1) pt [9.576, 5.472, 1.35] is in [[15.276, 6.612, 1.35], [15.276, 6.612, 1.35]]
(1.1) pt [9.576, 5.472, 1.35] is in [[15.048, 6.612, 1.35], [15.048, 6.612, 1.35]]
(1.2) pt [9.576, 5.7, 0.9500000000000001] is in [[11.856, 3.42, 0.9500000000000001], [11.856, 3.42, 0.9500000000000001]]
(1.2) pt [9.576, 5.7, 0.9500000000000001] is in [[12.084, 3.42, 0.9500000000000001], [12.084, 3.42, 0.9500000000000001]]
(1.4) pt [11.628, 3.42, 0.9500000000000001] is in [[9.576, 5.928, 0.9500000000000001], [9.576, 5.928, 0.9500000000000001]]
(1.3) pt [12.312, 7.296, 0.9500000000000001] is in [[9.576, 5.928, 0.9500000000000001], [9.576, 5.928, 0.9500000000000001]]
(1.1) pt [9.576, 6.156, 0.9500000000000001] is in [[11.856, 3.42, 0.9500000000000001], [11.856, 3.42, 0.9500000000000001]]
(1.1) pt [9.576, 6.156, 0.9500000000000001] is in [[12.084, 3.42, 0.9500000000000001], [12.084, 3.42, 0.9500000000000001]]
(1.2) pt [9.576, 5.7, 0.9500000000000001] is in [[14.136, 7.752, 0.9500000000000001], [14.136, 7.752, 0.9500000000000001]]
(1.2) pt [9.576, 5.7, 0.9500000000000001] is in [[14.136, 7.98, 0.9500000000000001], [14.136, 7.98, 0.9500000000000001]]
(1.4) pt [14.136, 7.524, 0.9500000000000001] is in [[9.576, 5.928, 0.9500000000000001], [9.576, 5.928, 0.9500000000000001]]
(1.3) pt [14.136, 8.208, 0.9500000000000001] is in [[9.576, 5.928, 0.9500000000000001], [9.576, 5.928, 0.9500000000000001]]
(1.1) pt [9.576, 6.156, 0.9500000000000001] is in [[14.136, 7.752, 0.9500000000000001], [14.136, 7.752, 0.9500000000000001]]
(1.1) pt [9.576, 6.156, 0.9500000000000001] is in [[14.136, 7.98, 0.9500000000000001], [14.136, 7.98, 0.9500000000000001]]
(1.2) pt [9.576, 5.472, 1.55] is in [[13.68, 6.84, 1.55], [13.68, 6.84, 1.55]]
(1.2) pt [9.576, 5.472, 1.55] is in [[14.592, 6.84, 1.55], [14.592, 6.84, 1.55]]
(1.1) pt [9.576, 5.472, 1.55] is in [[13.68, 6.84, 1.55], [13.68, 6.84, 1.55]]
(1.1) pt [9.576, 5.472, 1.55] is in [[14.592, 6.84, 1.55], [14.592, 6.84, 1.55]]
(1.2) pt [9.576, 5.472, 1.55] is in [[12.084, 6.612, 1.55], [12.084, 6.612, 1.55]]
(1.1) pt [9.576, 5.472, 1.55] is in [[12.084, 6.612, 1.55], [12.084, 6.612, 1.55]]
(1.2) pt [9.348, 5.244, 1.75] is in [[13.68, 6.156, 1.75], [13.68, 6.156, 1.75]]
(1.2) pt [9.348, 5.244, 1.75] is in [[13.908, 6.156, 1.75], [13.908, 6.156, 1.75]]
(1.4) pt [13.452, 5.928, 1.75] is in [[9.348, 5.472, 1.75], [9.348, 5.472, 1.75]]
(1.3) pt [13.908, 6.156, 1.75] is in [[9.348, 5.472, 1.75], [9.348, 5.472, 1.75]]
(1.4) pt [13.452, 5.928, 1.75] is in [[9.576, 5.472, 1.75], [9.576, 5.472, 1.75]]
(1.3) pt [13.908, 6.156, 1.75] is in [[9.576, 5.472, 1.75], [9.576, 5.472, 1.75]]
(1.1) pt [9.576, 5.472, 1.75] is in [[13.68, 6.156, 1.75], [13.68, 6.156, 1.75]]
(1.1) pt [9.576, 5.472, 1.75] is in [[13.908, 6.156, 1.75], [13.908, 6.156, 1.75]]
(1.2) pt [9.576, 5.472, 1.35] is in [[14.364, 6.84, 1.35], [14.364, 6.84, 1.35]]
(1.2) pt [9.576, 5.472, 1.1500000000000001] is in [[13.908, 6.612, 1.1500000000000001], [13.908, 6.612, 1.1500000000000001]]
(1.2) pt [9.576, 5.472, 1.1500000000000001] is in [[13.908, 6.84, 1.1500000000000001], [13.908, 6.84, 1.1500000000000001]]
(1.2) pt [9.576, 5.472, 1.1500000000000001] is in [[13.908, 7.068, 1.1500000000000001], [13.908, 7.068, 1.1500000000000001]]
(1.1) pt [9.576, 5.472, 1.35] is in [[14.364, 6.84, 1.35], [14.364, 6.84, 1.35]]
(1.1) pt [9.576, 5.7, 1.1500000000000001] is in [[13.908, 6.612, 1.1500000000000001], [13.908, 6.612, 1.1500000000000001]]
(1.1) pt [9.576, 5.7, 1.1500000000000001] is in [[13.908, 6.84, 1.1500000000000001], [13.908, 6.84, 1.1500000000000001]]
(1.1) pt [9.576, 5.7, 1.1500000000000001] is in [[13.908, 7.068, 1.1500000000000001], [13.908, 7.068, 1.1500000000000001]]
(1.2) pt [9.348, 5.244, 1.75] is in [[3.192, 0.228, 1.75], [3.192, 0.228, 1.75]]
(1.4) pt [3.42, 0.456, 1.75] is in [[9.348, 5.472, 1.75], [9.348, 5.472, 1.75]]
(1.3) pt [3.192, 0.228, 1.75] is in [[9.348, 5.472, 1.75], [9.348, 5.472, 1.75]]
(1.4) pt [3.42, 0.456, 1.75] is in [[9.576, 5.472, 1.75], [9.576, 5.472, 1.75]]
(1.3) pt [3.192, 0.228, 1.75] is in [[9.576, 5.472, 1.75], [9.576, 5.472, 1.75]]
(1.1) pt [9.576, 5.472, 1.75] is in [[3.192, 0.228, 1.75], [3.192, 0.228, 1.75]]
(1.4) pt [3.192, 0.228, 0.9500000000000001] is in [[9.576, 5.928, 0.9500000000000001], [9.576, 5.928, 0.9500000000000001]]
(1.3) pt [3.192, 0.228, 0.9500000000000001] is in [[9.576, 5.928, 0.9500000000000001], [9.576, 5.928, 0.9500000000000001]]
(1.4) pt [3.42, 0.228, 0.9500000000000001] is in [[9.576, 5.928, 0.9500000000000001], [9.576, 5.928, 0.9500000000000001]]
(1.2) pt [9.348, 5.016, 2.15] is in [[8.664, 6.612, 2.15], [8.664, 6.612, 2.15]]
(1.2) pt [9.348, 5.016, 2.15] is in [[8.664, 6.612, 2.15], [8.664, 6.612, 2.15]]
(1.1) pt [9.348, 5.016, 2.15] is in [[8.664, 6.612, 2.15], [8.664, 6.612, 2.15]]
(1.1) pt [9.348, 5.016, 2.15] is in [[8.664, 6.612, 2.15], [8.664, 6.612, 2.15]]
(1.4) pt [8.208, 6.612, 1.75] is in [[9.348, 5.472, 1.75], [9.348, 5.472, 1.75]]
(1.3) pt [8.436, 6.612, 1.75] is in [[9.348, 5.472, 1.75], [9.348, 5.472, 1.75]]
(1.4) pt [8.208, 6.612, 1.75] is in [[9.576, 5.472, 1.75], [9.576, 5.472, 1.75]]
(1.3) pt [8.436, 6.612, 1.75] is in [[9.576, 5.472, 1.75], [9.576, 5.472, 1.75]]
(1.3) pt [0.228, 6.156, 0.9500000000000001] is in [[9.576, 5.928, 0.9500000000000001], [9.576, 5.928, 0.9500000000000001]]
(1.4) pt [0.456, 6.384, 0.9500000000000001] is in [[9.576, 5.928, 0.9500000000000001], [9.576, 5.928, 0.9500000000000001]]
(1.3) pt [7.524, 6.612, 0.9500000000000001] is in [[9.576, 5.928, 0.9500000000000001], [9.576, 5.928, 0.9500000000000001]]
(1.2) pt [9.576, 6.156, 0.75] is in [[0.456, 6.384, 0.75], [0.456, 6.384, 0.75]]
(1.4) pt [10.032, 6.384, 1.75] is in [[9.348, 5.472, 1.75], [9.348, 5.472, 1.75]]
(1.3) pt [10.032, 6.612, 1.75] is in [[9.348, 5.472, 1.75], [9.348, 5.472, 1.75]]
(1.4) pt [10.032, 6.384, 1.75] is in [[9.576, 5.472, 1.75], [9.576, 5.472, 1.75]]
(1.3) pt [10.032, 6.612, 1.75] is in [[9.576, 5.472, 1.75], [9.576, 5.472, 1.75]]
(1.2) pt [9.576, 5.7, 0.9500000000000001] is in [[10.032, 7.524, 0.9500000000000001], [10.032, 7.524, 0.9500000000000001]]
(1.2) pt [9.576, 5.7, 0.9500000000000001] is in [[11.856, 7.98, 0.9500000000000001], [11.856, 7.98, 0.9500000000000001]]
(1.4) pt [10.032, 7.524, 0.9500000000000001] is in [[9.576, 5.928, 0.9500000000000001], [9.576, 5.928, 0.9500000000000001]]
(1.3) pt [10.032, 7.98, 0.9500000000000001] is in [[9.576, 5.928, 0.9500000000000001], [9.576, 5.928, 0.9500000000000001]]
(1.4) pt [11.628, 7.98, 0.9500000000000001] is in [[9.576, 5.928, 0.9500000000000001], [9.576, 5.928, 0.9500000000000001]]
(1.3) pt [11.856, 7.98, 0.9500000000000001] is in [[9.576, 5.928, 0.9500000000000001], [9.576, 5.928, 0.9500000000000001]]
(1.1) pt [9.576, 6.156, 0.9500000000000001] is in [[10.032, 7.524, 0.9500000000000001], [10.032, 7.524, 0.9500000000000001]]
(1.2) pt [9.576, 6.156, 0.75] is in [[10.032, 7.98, 0.75], [10.032, 7.98, 0.75]]
(1.1) pt [9.576, 6.156, 0.9500000000000001] is in [[11.856, 7.98, 0.9500000000000001], [11.856, 7.98, 0.9500000000000001]]
(1.2) pt [10.032, 6.156, 1.95] is in [[3.648, 3.42, 1.95], [3.648, 3.42, 1.95]]
(1.1) pt [10.032, 6.384, 1.95] is in [[3.648, 3.42, 1.95], [3.648, 3.42, 1.95]]
(1.2) pt [10.032, 7.068, 1.35] is in [[15.048, 6.84, 1.35], [15.048, 6.84, 1.35]]
(1.1) pt [10.032, 7.068, 1.35] is in [[15.048, 6.84, 1.35], [15.048, 6.84, 1.35]]
(1.2) pt [10.032, 7.068, 1.35] is in [[15.048, 6.384, 1.35], [15.048, 6.384, 1.35]]
(1.2) pt [10.032, 7.068, 1.35] is in [[15.276, 6.612, 1.35], [15.276, 6.612, 1.35]]
(1.2) pt [10.032, 7.068, 1.35] is in [[15.048, 6.612, 1.35], [15.048, 6.612, 1.35]]
(1.1) pt [10.032, 7.068, 1.35] is in [[15.048, 6.384, 1.35], [15.048, 6.384, 1.35]]
(1.1) pt [10.032, 7.068, 1.35] is in [[15.276, 6.612, 1.35], [15.276, 6.612, 1.35]]
(1.1) pt [10.032, 7.068, 1.35] is in [[15.048, 6.612, 1.35], [15.048, 6.612, 1.35]]
(1.2) pt [10.032, 7.524, 0.9500000000000001] is in [[11.856, 3.42, 0.9500000000000001], [11.856, 3.42, 0.9500000000000001]]
(1.2) pt [10.032, 7.524, 0.9500000000000001] is in [[12.084, 3.42, 0.9500000000000001], [12.084, 3.42, 0.9500000000000001]]
(1.4) pt [11.628, 3.42, 0.9500000000000001] is in [[10.032, 7.524, 0.9500000000000001], [10.032, 7.524, 0.9500000000000001]]
(1.3) pt [12.312, 7.296, 0.9500000000000001] is in [[10.032, 7.524, 0.9500000000000001], [10.032, 7.524, 0.9500000000000001]]
(1.1) pt [10.032, 7.98, 0.9500000000000001] is in [[11.856, 3.42, 0.9500000000000001], [11.856, 3.42, 0.9500000000000001]]
(1.1) pt [10.032, 7.98, 0.9500000000000001] is in [[12.084, 3.42, 0.9500000000000001], [12.084, 3.42, 0.9500000000000001]]
(1.4) pt [12.312, 7.296, 0.75] is in [[10.032, 7.98, 0.75], [10.032, 7.98, 0.75]]
(1.2) pt [11.628, 7.98, 0.9500000000000001] is in [[11.856, 3.42, 0.9500000000000001], [11.856, 3.42, 0.9500000000000001]]
(1.2) pt [11.628, 7.98, 0.9500000000000001] is in [[12.084, 3.42, 0.9500000000000001], [12.084, 3.42, 0.9500000000000001]]
(1.4) pt [11.628, 3.42, 0.9500000000000001] is in [[11.856, 7.98, 0.9500000000000001], [11.856, 7.98, 0.9500000000000001]]
(1.3) pt [12.312, 7.296, 0.9500000000000001] is in [[11.856, 7.98, 0.9500000000000001], [11.856, 7.98, 0.9500000000000001]]
(1.1) pt [11.856, 7.98, 0.9500000000000001] is in [[11.856, 3.42, 0.9500000000000001], [11.856, 3.42, 0.9500000000000001]]
(1.1) pt [11.856, 7.98, 0.9500000000000001] is in [[12.084, 3.42, 0.9500000000000001], [12.084, 3.42, 0.9500000000000001]]
(1.2) pt [10.032, 7.524, 0.9500000000000001] is in [[14.136, 7.752, 0.9500000000000001], [14.136, 7.752, 0.9500000000000001]]
(1.2) pt [10.032, 7.524, 0.9500000000000001] is in [[14.136, 7.98, 0.9500000000000001], [14.136, 7.98, 0.9500000000000001]]
(1.4) pt [14.136, 7.524, 0.9500000000000001] is in [[10.032, 7.524, 0.9500000000000001], [10.032, 7.524, 0.9500000000000001]]
(1.3) pt [14.136, 8.208, 0.9500000000000001] is in [[10.032, 7.524, 0.9500000000000001], [10.032, 7.524, 0.9500000000000001]]
(1.1) pt [10.032, 7.98, 0.9500000000000001] is in [[14.136, 7.752, 0.9500000000000001], [14.136, 7.752, 0.9500000000000001]]
(1.1) pt [10.032, 7.98, 0.9500000000000001] is in [[14.136, 7.98, 0.9500000000000001], [14.136, 7.98, 0.9500000000000001]]
(1.4) pt [14.136, 8.208, 0.75] is in [[10.032, 7.98, 0.75], [10.032, 7.98, 0.75]]
(1.2) pt [11.628, 7.98, 0.9500000000000001] is in [[14.136, 7.752, 0.9500000000000001], [14.136, 7.752, 0.9500000000000001]]
(1.2) pt [11.628, 7.98, 0.9500000000000001] is in [[14.136, 7.98, 0.9500000000000001], [14.136, 7.98, 0.9500000000000001]]
(1.4) pt [14.136, 7.524, 0.9500000000000001] is in [[11.856, 7.98, 0.9500000000000001], [11.856, 7.98, 0.9500000000000001]]
(1.3) pt [14.136, 8.208, 0.9500000000000001] is in [[11.856, 7.98, 0.9500000000000001], [11.856, 7.98, 0.9500000000000001]]
(1.1) pt [11.856, 7.98, 0.9500000000000001] is in [[14.136, 7.752, 0.9500000000000001], [14.136, 7.752, 0.9500000000000001]]
(1.1) pt [11.856, 7.98, 0.9500000000000001] is in [[14.136, 7.98, 0.9500000000000001], [14.136, 7.98, 0.9500000000000001]]
(1.2) pt [10.032, 6.612, 1.55] is in [[13.68, 6.84, 1.55], [13.68, 6.84, 1.55]]
(1.2) pt [10.032, 6.612, 1.55] is in [[14.592, 6.84, 1.55], [14.592, 6.84, 1.55]]
(1.1) pt [10.032, 7.068, 1.55] is in [[13.68, 6.84, 1.55], [13.68, 6.84, 1.55]]
(1.1) pt [10.032, 7.068, 1.55] is in [[14.592, 6.84, 1.55], [14.592, 6.84, 1.55]]
(1.2) pt [10.032, 6.612, 1.55] is in [[12.084, 6.612, 1.55], [12.084, 6.612, 1.55]]
(1.1) pt [10.032, 7.068, 1.55] is in [[12.084, 6.612, 1.55], [12.084, 6.612, 1.55]]
(1.2) pt [10.032, 6.384, 1.75] is in [[13.68, 6.156, 1.75], [13.68, 6.156, 1.75]]
(1.2) pt [10.032, 6.384, 1.75] is in [[13.908, 6.156, 1.75], [13.908, 6.156, 1.75]]
(1.1) pt [10.032, 6.612, 1.75] is in [[13.68, 6.156, 1.75], [13.68, 6.156, 1.75]]
(1.1) pt [10.032, 6.612, 1.75] is in [[13.908, 6.156, 1.75], [13.908, 6.156, 1.75]]
(1.2) pt [10.032, 7.068, 1.35] is in [[14.364, 6.84, 1.35], [14.364, 6.84, 1.35]]
(1.2) pt [10.032, 7.068, 1.1500000000000001] is in [[13.908, 6.612, 1.1500000000000001], [13.908, 6.612, 1.1500000000000001]]
(1.2) pt [10.032, 7.068, 1.1500000000000001] is in [[13.908, 6.84, 1.1500000000000001], [13.908, 6.84, 1.1500000000000001]]
(1.2) pt [10.032, 7.068, 1.1500000000000001] is in [[13.908, 7.068, 1.1500000000000001], [13.908, 7.068, 1.1500000000000001]]
(1.1) pt [10.032, 7.068, 1.35] is in [[14.364, 6.84, 1.35], [14.364, 6.84, 1.35]]
(1.1) pt [10.032, 7.524, 1.1500000000000001] is in [[13.908, 6.612, 1.1500000000000001], [13.908, 6.612, 1.1500000000000001]]
(1.1) pt [10.032, 7.524, 1.1500000000000001] is in [[13.908, 6.84, 1.1500000000000001], [13.908, 6.84, 1.1500000000000001]]
(1.1) pt [10.032, 7.524, 1.1500000000000001] is in [[13.908, 7.068, 1.1500000000000001], [13.908, 7.068, 1.1500000000000001]]
(1.2) pt [10.032, 6.384, 1.75] is in [[3.192, 0.228, 1.75], [3.192, 0.228, 1.75]]
(1.1) pt [10.032, 6.612, 1.75] is in [[3.192, 0.228, 1.75], [3.192, 0.228, 1.75]]
(1.4) pt [3.192, 0.228, 0.9500000000000001] is in [[10.032, 7.524, 0.9500000000000001], [10.032, 7.524, 0.9500000000000001]]
(1.3) pt [3.192, 0.228, 0.9500000000000001] is in [[10.032, 7.524, 0.9500000000000001], [10.032, 7.524, 0.9500000000000001]]
(1.4) pt [3.42, 0.228, 0.9500000000000001] is in [[10.032, 7.524, 0.9500000000000001], [10.032, 7.524, 0.9500000000000001]]
(1.4) pt [3.192, 0.228, 0.75] is in [[10.032, 7.98, 0.75], [10.032, 7.98, 0.75]]
(1.3) pt [3.42, 0.228, 0.75] is in [[10.032, 7.98, 0.75], [10.032, 7.98, 0.75]]
(1.4) pt [3.192, 0.228, 0.9500000000000001] is in [[11.856, 7.98, 0.9500000000000001], [11.856, 7.98, 0.9500000000000001]]
(1.3) pt [3.192, 0.228, 0.9500000000000001] is in [[11.856, 7.98, 0.9500000000000001], [11.856, 7.98, 0.9500000000000001]]
(1.4) pt [3.42, 0.228, 0.9500000000000001] is in [[11.856, 7.98, 0.9500000000000001], [11.856, 7.98, 0.9500000000000001]]
(1.2) pt [10.032, 5.928, 2.15] is in [[8.664, 6.612, 2.15], [8.664, 6.612, 2.15]]
(1.2) pt [10.032, 5.928, 2.15] is in [[8.664, 6.612, 2.15], [8.664, 6.612, 2.15]]
(1.1) pt [10.032, 6.156, 2.15] is in [[8.664, 6.612, 2.15], [8.664, 6.612, 2.15]]
(1.1) pt [10.032, 6.156, 2.15] is in [[8.664, 6.612, 2.15], [8.664, 6.612, 2.15]]
(1.3) pt [0.228, 6.156, 0.9500000000000001] is in [[10.032, 7.524, 0.9500000000000001], [10.032, 7.524, 0.9500000000000001]]
(1.4) pt [0.456, 6.384, 0.9500000000000001] is in [[10.032, 7.524, 0.9500000000000001], [10.032, 7.524, 0.9500000000000001]]
(1.3) pt [7.524, 6.612, 0.9500000000000001] is in [[10.032, 7.524, 0.9500000000000001], [10.032, 7.524, 0.9500000000000001]]
(1.2) pt [10.032, 7.98, 0.75] is in [[0.456, 6.384, 0.75], [0.456, 6.384, 0.75]]
(1.4) pt [0.228, 6.156, 0.75] is in [[10.032, 7.98, 0.75], [10.032, 7.98, 0.75]]
(1.3) pt [0.456, 6.384, 0.75] is in [[10.032, 7.98, 0.75], [10.032, 7.98, 0.75]]
(1.1) pt [11.628, 7.98, 0.75] is in [[0.456, 6.384, 0.75], [0.456, 6.384, 0.75]]
(1.3) pt [0.228, 6.156, 0.9500000000000001] is in [[11.856, 7.98, 0.9500000000000001], [11.856, 7.98, 0.9500000000000001]]
(1.4) pt [0.456, 6.384, 0.9500000000000001] is in [[11.856, 7.98, 0.9500000000000001], [11.856, 7.98, 0.9500000000000001]]
(1.3) pt [7.524, 6.612, 0.9500000000000001] is in [[11.856, 7.98, 0.9500000000000001], [11.856, 7.98, 0.9500000000000001]]
(1.2) pt [11.856, 7.98, 0.75] is in [[0.456, 6.384, 0.75], [0.456, 6.384, 0.75]]
(1.2) pt [10.032, 6.384, 1.75] is in [[9.348, 5.472, 1.75], [9.348, 5.472, 1.75]]
(1.2) pt [10.032, 6.384, 1.75] is in [[9.576, 5.472, 1.75], [9.576, 5.472, 1.75]]
(1.1) pt [10.032, 6.612, 1.75] is in [[9.348, 5.472, 1.75], [9.348, 5.472, 1.75]]
(1.1) pt [10.032, 6.612, 1.75] is in [[9.576, 5.472, 1.75], [9.576, 5.472, 1.75]]
(1.2) pt [10.032, 7.524, 0.9500000000000001] is in [[9.576, 5.928, 0.9500000000000001], [9.576, 5.928, 0.9500000000000001]]
(1.4) pt [9.576, 5.7, 0.9500000000000001] is in [[10.032, 7.524, 0.9500000000000001], [10.032, 7.524, 0.9500000000000001]]
(1.3) pt [9.576, 6.156, 0.9500000000000001] is in [[10.032, 7.524, 0.9500000000000001], [10.032, 7.524, 0.9500000000000001]]
(1.1) pt [10.032, 7.98, 0.9500000000000001] is in [[9.576, 5.928, 0.9500000000000001], [9.576, 5.928, 0.9500000000000001]]
(1.4) pt [9.576, 6.156, 0.75] is in [[10.032, 7.98, 0.75], [10.032, 7.98, 0.75]]
(1.2) pt [11.628, 7.98, 0.9500000000000001] is in [[9.576, 5.928, 0.9500000000000001], [9.576, 5.928, 0.9500000000000001]]
(1.4) pt [9.576, 5.7, 0.9500000000000001] is in [[11.856, 7.98, 0.9500000000000001], [11.856, 7.98, 0.9500000000000001]]
(1.3) pt [9.576, 6.156, 0.9500000000000001] is in [[11.856, 7.98, 0.9500000000000001], [11.856, 7.98, 0.9500000000000001]]
(1.1) pt [11.856, 7.98, 0.9500000000000001] is in [[9.576, 5.928, 0.9500000000000001], [9.576, 5.928, 0.9500000000000001]]
Importing TECH_LEF: ./platforms/h.r.3.3/lef/h.r.3.3.tlef
import via M1M2_PR
['via1', 'met1', 'met2']
import via M2M3_PR
['via2', 'met2', 'met3']
import via M3M4_PR
['via3', 'met3', 'met4']
import via M4M5_PR
['via4', 'met4', 'met5']
import via M5M6_PR
['via5', 'met5', 'met6']
import via M6M7_PR
['via6', 'met6', 'met7']
import via M7M8_PR
['via7', 'met7', 'met8']
import via M8M9_PR
['via8', 'met8', 'met9']
import via M9M10_PR
['via9', 'met9', 'met10']
<generator_class.Nets object at 0x7f697c648e20>
converting route:  connect0 : 
converting route:  connect0 : 
calc len connect0
['']
[[3.648, 0.228, 1.55], [3.648, 0.228, 1.75], [3.648, 3.42, 1.75], [3.648, 3.42, 1.95], [3.648, 3.42, 1.95], [15.276, 3.42, 1.95], [15.276, 6.156, 1.95], [15.276, 6.156, 1.75], [15.276, 6.384, 1.75], [15.276, 6.384, 1.55], [15.276, 6.612, 1.55], [15.276, 6.612, 1.35], [15.276, 6.84, 1.35], [15.048, 6.84, 1.35], [15.048, 6.84, 1.35]]
Reporting routing graph
converting route:  connect1 : 
converting route:  connect1 : 
calc len connect1
['']
[[0.228, 6.156, 1.1500000000000001], [0.228, 6.384, 1.1500000000000001], [15.048, 6.384, 1.1500000000000001], [15.048, 6.384, 1.35], [15.048, 6.384, 1.35], [15.276, 6.384, 1.35], [15.276, 6.612, 1.35], [15.276, 6.612, 1.35], [15.048, 6.612, 1.35], [15.048, 6.612, 1.35]]
Reporting routing graph
converting route:  connect2 : 
converting route:  connect2 : 
calc len connect2
['']
[[11.4, 3.42, 1.35], [11.4, 3.42, 1.1500000000000001], [11.628, 3.42, 1.1500000000000001], [11.628, 3.42, 0.9500000000000001], [11.856, 3.42, 0.9500000000000001], [11.856, 3.42, 0.9500000000000001], [12.084, 3.42, 0.9500000000000001], [12.084, 3.42, 0.9500000000000001], [12.084, 7.068, 0.9500000000000001], [12.312, 7.068, 0.9500000000000001], [12.312, 7.296, 0.9500000000000001], [12.312, 7.296, 0.75], [12.312, 7.52191, 0.75]]
Reporting routing graph
converting route:  connect3 : 
converting route:  connect3 : 
calc len connect3
['']
[[14.136, 6.84, 1.35], [14.136, 7.296, 1.35], [14.136, 7.296, 1.1500000000000001], [14.136, 7.524, 1.1500000000000001], [14.136, 7.524, 0.9500000000000001], [14.136, 7.752, 0.9500000000000001], [14.136, 7.752, 0.9500000000000001], [14.136, 7.98, 0.9500000000000001], [14.136, 7.98, 0.9500000000000001], [14.136, 8.208, 0.9500000000000001], [14.136, 8.208, 0.75], [14.136, 8.43391, 0.75]]
Reporting routing graph
converting route:  connect4 : 
converting route:  connect4 : 
calc len connect4
['']
[[11.628, 3.648, 1.35], [11.628, 4.104, 1.35], [11.856, 4.104, 1.35], [11.856, 5.016, 1.35], [12.084, 5.016, 1.35], [12.084, 5.244, 1.35], [12.312, 5.244, 1.35], [12.312, 5.472, 1.35], [12.54, 5.472, 1.35], [12.54, 5.7, 1.35], [12.768, 5.7, 1.35], [12.768, 5.928, 1.35], [12.996, 5.928, 1.35], [12.996, 6.156, 1.35], [13.224, 6.156, 1.35], [13.224, 6.384, 1.35], [13.452, 6.384, 1.35], [13.452, 6.612, 1.35], [13.68, 6.612, 1.35], [13.68, 6.84, 1.35], [13.68, 6.84, 1.55], [13.68, 6.84, 1.55], [13.908, 6.84, 1.55], [13.908, 7.068, 1.55], [14.592, 7.068, 1.55], [14.592, 6.84, 1.55], [14.592, 6.84, 1.55], [14.8179024, 6.84, 1.55], [14.8179024, 6.84, 1.35]]
Reporting routing graph
converting route:  connect5 : 
converting route:  connect5 : 
calc len connect5
['']
[[11.856, 3.42, 1.35], [12.084, 3.42, 1.35], [12.084, 6.612, 1.35], [12.084, 6.612, 1.55], [12.084, 6.612, 1.55], [14.133909999999998, 6.612, 1.55], [14.133909999999998, 6.612, 1.35]]
Reporting routing graph
converting route:  out : 
converting route:  out : 
calc len out
['']
[[12.084, 5.7, 2.35], [12.996, 5.7, 2.35], [12.996, 5.7, 2.15], [13.224, 5.7, 2.15], [13.224, 5.7, 1.95], [13.452, 5.7, 1.95], [13.452, 5.928, 1.95], [13.452, 5.928, 1.75], [13.68, 5.928, 1.75], [13.68, 6.156, 1.75], [13.68, 6.156, 1.75], [13.908, 6.156, 1.75], [13.908, 6.156, 1.75], [13.908, 6.156, 1.55], [13.908, 6.156, 1.35], [13.908, 6.612, 1.35], [13.908, 6.612, 1.1500000000000001], [13.908, 6.612, 1.1500000000000001], [13.908, 6.84, 1.1500000000000001], [13.908, 6.84, 1.1500000000000001], [13.908, 7.068, 1.1500000000000001], [13.908, 7.068, 1.1500000000000001], [14.136, 7.068, 1.1500000000000001], [14.136, 6.84, 1.1500000000000001], [14.364, 6.84, 1.1500000000000001], [14.364, 6.84, 1.35], [14.364, 6.84, 1.35]]
Reporting routing graph
converting route:  soln1 : 
converting route:  soln1 : 
calc len soln1
['']
[[7.98, 5.016, 2.35], [7.98, 4.788, 2.35], [7.752, 4.788, 2.35], [7.752, 4.56, 2.35], [7.524, 4.56, 2.35], [7.524, 4.332, 2.35], [7.296, 4.332, 2.35], [7.296, 4.104, 2.35], [7.068, 4.104, 2.35], [7.068, 3.876, 2.35], [6.84, 3.876, 2.35], [6.84, 3.648, 2.35], [6.612, 3.648, 2.35], [6.612, 3.42, 2.35], [6.384, 3.42, 2.35], [6.384, 3.192, 2.35], [6.156, 3.192, 2.35], [6.156, 2.964, 2.35], [5.928, 2.964, 2.35], [5.928, 2.736, 2.35], [5.7, 2.736, 2.35], [5.7, 2.508, 2.35], [5.472, 2.508, 2.35], [5.472, 2.28, 2.35], [5.244, 2.28, 2.35], [5.244, 2.052, 2.35], [5.016, 2.052, 2.35], [5.016, 1.824, 2.35], [4.788, 1.824, 2.35], [4.788, 1.596, 2.35], [4.56, 1.596, 2.35], [4.56, 1.368, 2.35], [4.332, 1.368, 2.35], [4.332, 1.14, 2.35], [4.104, 1.14, 2.35], [4.104, 0.912, 2.35], [3.876, 0.912, 2.35], [3.876, 0.912, 2.15], [3.876, 0.684, 2.15], [3.648, 0.684, 2.15], [3.648, 0.684, 1.95], [3.648, 0.456, 1.95], [3.42, 0.456, 1.95], [3.42, 0.456, 1.75], [3.42, 0.228, 1.75], [3.192, 0.228, 1.75], [3.192, 0.228, 1.75], [3.192, 0.228, 1.55], [3.192, 0.228, 1.35], [3.192, 0.228, 1.1500000000000001], [3.192, 0.228, 0.9500000000000001], [3.192, 0.228, 0.75], [3.42, 0.228, 0.75], [3.42, 0.228, 0.9500000000000001], [3.64591, 0.228, 0.9500000000000001]]
Reporting routing graph
converting route:  soln2 : 
converting route:  soln2 : 
calc len soln2
['']
[[0.228, 6.156, 0.9500000000000001], [0.228, 6.156, 0.75], [0.456, 6.156, 0.75], [0.456, 6.384, 0.75], [0.456, 6.384, 0.75], [0.456, 6.384, 0.9500000000000001], [0.456, 6.612, 0.9500000000000001], [7.524, 6.612, 0.9500000000000001], [7.524, 6.612, 1.1500000000000001], [7.752, 6.612, 1.1500000000000001], [7.752, 6.612, 1.35], [7.98, 6.612, 1.35], [7.98, 6.612, 1.55], [8.208, 6.612, 1.55], [8.208, 6.612, 1.75], [8.436, 6.612, 1.75], [8.436, 6.612, 1.95], [8.664, 6.612, 1.95], [8.664, 6.612, 2.15], [8.664, 6.612, 2.15], [8.664, 6.612, 2.15], [8.664, 5.016, 2.15], [8.664, 5.016, 2.35]]
Reporting routing graph
converting route:  soln3 : 
converting route:  soln3 : 
calc len soln3
['']
[[9.348, 5.016, 2.35], [9.348, 5.016, 2.15], [9.348, 5.016, 1.95], [9.348, 5.244, 1.95], [9.348, 5.244, 1.75], [9.348, 5.472, 1.75], [9.348, 5.472, 1.75], [9.576, 5.472, 1.75], [9.576, 5.472, 1.75], [9.576, 5.472, 1.55], [9.576, 5.472, 1.35], [9.576, 5.472, 1.1500000000000001], [9.576, 5.7, 1.1500000000000001], [9.576, 5.7, 0.9500000000000001], [9.576, 5.928, 0.9500000000000001], [9.576, 5.928, 0.9500000000000001], [9.576, 6.156, 0.9500000000000001], [9.576, 6.156, 0.75], [9.576, 6.384, 0.75], [9.576, 6.60991, 0.75]]
Reporting routing graph
converting route:  soln4 : 
converting route:  soln4 : 
calc len soln4
['']
[[10.032, 5.016, 2.35], [10.032, 5.928, 2.35], [10.032, 5.928, 2.15], [10.032, 6.156, 2.15], [10.032, 6.156, 1.95], [10.032, 6.384, 1.95], [10.032, 6.384, 1.75], [10.032, 6.612, 1.75], [10.032, 6.612, 1.55], [10.032, 7.068, 1.55], [10.032, 7.068, 1.35], [10.032, 7.068, 1.1500000000000001], [10.032, 7.524, 1.1500000000000001], [10.032, 7.524, 0.9500000000000001], [10.032, 7.524, 0.9500000000000001], [10.032, 7.98, 0.9500000000000001], [10.032, 7.98, 0.75], [10.032, 7.98, 0.75], [11.628, 7.98, 0.75], [11.628, 7.98, 0.9500000000000001], [11.856, 7.98, 0.9500000000000001], [11.856, 7.98, 0.9500000000000001], [11.856, 7.98, 0.75]]
Reporting routing graph
<generator_class.Nets object at 0x7f697c648940>
converting route:  connect0 : 
converting route:  connect0 : 
Reporting routing graph
converting route:  connect1 : 
converting route:  connect1 : 
Reporting routing graph
converting route:  connect2 : 
converting route:  connect2 : 
Reporting routing graph
converting route:  connect3 : 
converting route:  connect3 : 
Reporting routing graph
converting route:  connect4 : 
converting route:  connect4 : 
Reporting routing graph
converting route:  connect5 : 
converting route:  connect5 : 
Reporting routing graph
converting route:  out : 
converting route:  out : 
Reporting routing graph
converting route:  soln1 : 
converting route:  soln1 : 
Reporting routing graph
converting route:  soln2 : 
converting route:  soln2 : 
Reporting routing graph
converting route:  soln3 : 
converting route:  soln3 : 
Reporting routing graph
converting route:  soln4 : 
converting route:  soln4 : 
Reporting routing graph
<generator_class.Nets object at 0x7f697c648a60>
converting route:  connect0 : 
converting route:  connect0 : 
Reporting routing graph
converting route:  connect1 : 
converting route:  connect1 : 
Reporting routing graph
converting route:  connect2 : 
converting route:  connect2 : 
Reporting routing graph
converting route:  connect3 : 
converting route:  connect3 : 
Reporting routing graph
converting route:  connect4 : 
converting route:  connect4 : 
Reporting routing graph
converting route:  connect5 : 
converting route:  connect5 : 
Reporting routing graph
converting route:  out : 
converting route:  out : 
Reporting routing graph
converting route:  soln1 : 
converting route:  soln1 : 
Reporting routing graph
converting route:  soln2 : 
converting route:  soln2 : 
Reporting routing graph
converting route:  soln3 : 
converting route:  soln3 : 
Reporting routing graph
converting route:  soln4 : 
converting route:  soln4 : 
Reporting routing graph
<generator_class.Nets object at 0x7f697c648970>
converting route:  connect0 : 
converting route:  connect0 : 
Reporting routing graph
converting route:  connect1 : 
converting route:  connect1 : 
Reporting routing graph
converting route:  connect2 : 
converting route:  connect2 : 
Reporting routing graph
converting route:  connect3 : 
converting route:  connect3 : 
Reporting routing graph
converting route:  connect4 : 
converting route:  connect4 : 
Reporting routing graph
converting route:  connect5 : 
converting route:  connect5 : 
Reporting routing graph
converting route:  out : 
converting route:  out : 
Reporting routing graph
converting route:  soln1 : 
converting route:  soln1 : 
Reporting routing graph
converting route:  soln2 : 
converting route:  soln2 : 
Reporting routing graph
converting route:  soln3 : 
converting route:  soln3 : 
Reporting routing graph
converting route:  soln4 : 
converting route:  soln4 : 
Reporting routing graph
<generator_class.Nets object at 0x7f697c692d60>
converting route:  connect0 : 
converting route:  connect0 : 
Reporting routing graph
converting route:  connect1 : 
converting route:  connect1 : 
Reporting routing graph
converting route:  connect2 : 
converting route:  connect2 : 
Reporting routing graph
converting route:  connect3 : 
converting route:  connect3 : 
Reporting routing graph
converting route:  connect4 : 
converting route:  connect4 : 
Reporting routing graph
converting route:  connect5 : 
converting route:  connect5 : 
Reporting routing graph
converting route:  out : 
converting route:  out : 
Reporting routing graph
converting route:  soln1 : 
converting route:  soln1 : 
Reporting routing graph
converting route:  soln2 : 
converting route:  soln2 : 
Reporting routing graph
converting route:  soln3 : 
converting route:  soln3 : 
Reporting routing graph
converting route:  soln4 : 
converting route:  soln4 : 
Reporting routing graph
<generator_class.Nets object at 0x7f697c692ee0>
converting route:  connect0 : 
converting route:  connect0 : 
Reporting routing graph
converting route:  connect1 : 
converting route:  connect1 : 
Reporting routing graph
converting route:  connect2 : 
converting route:  connect2 : 
Reporting routing graph
converting route:  connect3 : 
converting route:  connect3 : 
Reporting routing graph
converting route:  connect4 : 
converting route:  connect4 : 
Reporting routing graph
converting route:  connect5 : 
converting route:  connect5 : 
Reporting routing graph
converting route:  out : 
converting route:  out : 
Reporting routing graph
converting route:  soln1 : 
converting route:  soln1 : 
Reporting routing graph
converting route:  soln2 : 
converting route:  soln2 : 
Reporting routing graph
converting route:  soln3 : 
converting route:  soln3 : 
Reporting routing graph
converting route:  soln4 : 
converting route:  soln4 : 
Reporting routing graph
<generator_class.Nets object at 0x7f697c692fa0>
converting route:  connect0 : 
converting route:  connect0 : 
Reporting routing graph
converting route:  connect1 : 
converting route:  connect1 : 
Reporting routing graph
converting route:  connect2 : 
converting route:  connect2 : 
Reporting routing graph
converting route:  connect3 : 
converting route:  connect3 : 
Reporting routing graph
converting route:  connect4 : 
converting route:  connect4 : 
Reporting routing graph
converting route:  connect5 : 
converting route:  connect5 : 
Reporting routing graph
converting route:  out : 
converting route:  out : 
Reporting routing graph
converting route:  soln1 : 
converting route:  soln1 : 
Reporting routing graph
converting route:  soln2 : 
converting route:  soln2 : 
Reporting routing graph
converting route:  soln3 : 
converting route:  soln3 : 
Reporting routing graph
converting route:  soln4 : 
converting route:  soln4 : 
Reporting routing graph
<generator_class.Nets object at 0x7f697c692b20>
converting route:  connect0 : 
converting route:  connect0 : 
Reporting routing graph
converting route:  connect1 : 
converting route:  connect1 : 
Reporting routing graph
converting route:  connect2 : 
converting route:  connect2 : 
Reporting routing graph
converting route:  connect3 : 
converting route:  connect3 : 
Reporting routing graph
converting route:  connect4 : 
converting route:  connect4 : 
Reporting routing graph
converting route:  connect5 : 
converting route:  connect5 : 
Reporting routing graph
converting route:  out : 
converting route:  out : 
Reporting routing graph
converting route:  soln1 : 
converting route:  soln1 : 
Reporting routing graph
converting route:  soln2 : 
converting route:  soln2 : 
Reporting routing graph
converting route:  soln3 : 
converting route:  soln3 : 
Reporting routing graph
converting route:  soln4 : 
converting route:  soln4 : 
Reporting routing graph
<generator_class.Nets object at 0x7f697c6929d0>
converting route:  connect0 : 
converting route:  connect0 : 
Reporting routing graph
converting route:  connect1 : 
converting route:  connect1 : 
Reporting routing graph
converting route:  connect2 : 
converting route:  connect2 : 
Reporting routing graph
converting route:  connect3 : 
converting route:  connect3 : 
Reporting routing graph
converting route:  connect4 : 
converting route:  connect4 : 
Reporting routing graph
converting route:  connect5 : 
converting route:  connect5 : 
Reporting routing graph
converting route:  out : 
converting route:  out : 
Reporting routing graph
converting route:  soln1 : 
converting route:  soln1 : 
Reporting routing graph
converting route:  soln2 : 
converting route:  soln2 : 
Reporting routing graph
converting route:  soln3 : 
converting route:  soln3 : 
Reporting routing graph
converting route:  soln4 : 
converting route:  soln4 : 
Reporting routing graph
<generator_class.Nets object at 0x7f697c6926d0>
converting route:  connect0 : 
converting route:  connect0 : 
Reporting routing graph
converting route:  connect1 : 
converting route:  connect1 : 
Reporting routing graph
converting route:  connect2 : 
converting route:  connect2 : 
Reporting routing graph
converting route:  connect3 : 
converting route:  connect3 : 
Reporting routing graph
converting route:  connect4 : 
converting route:  connect4 : 
Reporting routing graph
converting route:  connect5 : 
converting route:  connect5 : 
Reporting routing graph
converting route:  out : 
converting route:  out : 
Reporting routing graph
converting route:  soln1 : 
converting route:  soln1 : 
Reporting routing graph
converting route:  soln2 : 
converting route:  soln2 : 
Reporting routing graph
converting route:  soln3 : 
converting route:  soln3 : 
Reporting routing graph
converting route:  soln4 : 
converting route:  soln4 : 
Reporting routing graph
<generator_class.Nets object at 0x7f697c692490>
converting route:  connect0 : 
converting route:  connect0 : 
Reporting routing graph
converting route:  connect1 : 
converting route:  connect1 : 
Reporting routing graph
converting route:  connect2 : 
converting route:  connect2 : 
Reporting routing graph
converting route:  connect3 : 
converting route:  connect3 : 
Reporting routing graph
converting route:  connect4 : 
converting route:  connect4 : 
Reporting routing graph
converting route:  connect5 : 
converting route:  connect5 : 
Reporting routing graph
converting route:  out : 
converting route:  out : 
Reporting routing graph
converting route:  soln1 : 
converting route:  soln1 : 
Reporting routing graph
converting route:  soln2 : 
converting route:  soln2 : 
Reporting routing graph
converting route:  soln3 : 
converting route:  soln3 : 
Reporting routing graph
converting route:  soln4 : 
converting route:  soln4 : 
Reporting routing graph

    --------------------------------
          OpenSCAD complete
    --------------------------------
    
	Command being timed: "python3 ../tools/scad_render/generator_v2.py --component_file ./platforms/h.r.3.3/pdk/scad_lib/h.r.3.3_merged.scad --routing_file ./platforms/h.r.3.3/scad/routing.scad --scad_include ./platforms/h.r.3.3/pdk/scad_include/polychannel_v2.scad ./platforms/h.r.3.3/pdk/scad_include/lef_scad_config.scad ./platforms/h.r.3.3/pdk/scad_include/lef_helper.scad --lef_file ./platforms/h.r.3.3/lef/h.r.3.3_merged.lef ./results/salicylic_acid/base/h.r.3.3_salicylic_acid_pcells.lef --tlef_file ./platforms/h.r.3.3/lef/h.r.3.3.tlef --platform h.r.3.3 --px 0.0076 --layer 0.01 --bottom_layer 75 --lpv 20 --xbulk 2550 --ybulk 1600 --zbulk 230 --xchip 325 2225 --ychip 325 1275 --pitch 30 --res 120 --dimm_file  --pcell ./results/salicylic_acid/base/pcell_out_scad --pcell ./results/salicylic_acid/base/pcell_out_scad --def_file results/salicylic_acid/base/3_route_1_fix.def --design salicylic_acid --scad_out_file ./results/salicylic_acid/base/3_route_1_fixbase.scad --scad_include ./platforms/h.r.3.3/pdk/scad_lib/polychannel_v2.scad ./platforms/h.r.3.3/pdk/scad_lib/lef_helper.scad ./platforms/h.r.3.3/pdk/scad_lib/lef_scad_config.scad ./platforms/h.r.3.3/pdk/scad_lib/polychannel_v2.scad ./platforms/h.r.3.3/pdk/scad_lib/lef_helper.scad ./platforms/h.r.3.3/pdk/scad_lib/lef_scad_config.scad --results_dir ./results/salicylic_acid/base"
	User time (seconds): 3.50
	System time (seconds): 3.55
	Percent of CPU this job got: 215%
	Elapsed (wall clock) time (h:mm:ss or m:ss): 0:03.28
	Average shared text size (kbytes): 0
	Average unshared data size (kbytes): 0
	Average stack size (kbytes): 0
	Average total size (kbytes): 0
	Maximum resident set size (kbytes): 80076
	Average resident set size (kbytes): 0
	Major (requiring I/O) page faults: 0
	Minor (reclaiming a frame) page faults: 13821
	Voluntary context switches: 1815
	Involuntary context switches: 196
	Swaps: 0
	File system inputs: 0
	File system outputs: 4616
	Socket messages sent: 0
	Socket messages received: 0
	Signals delivered: 0
	Page size (bytes): 4096
	Exit status: 0
