,Chemical,Time,Node,Error,Expected Conc,Eval Conc
0,H2O,0.0,out,0.309044418161435,0.0892,0.0616332379
0,H2O,0.0,connect2,1.0,0.09,0.0
0,H2O,0.0,connect6,1.0,0.0892,0.0
0,Tag,0.0,out,0.18590479545454558,0.0396,0.0322381701
0,Tag,0.0,connect2,1.525252525252525,0.0396,0.1
0,Tag,0.0,connect6,1.0,0.0396,0.0
0,Sample,0.0,out,437755.57285714295,1.4e-08,0.00612859202
0,Sample,0.0,connect5,5714284.714285714,1.75e-08,0.1
